distance_m,walls,obstacles,frequency_ghz,bandwidth_mhz,congestion_percent,signal_dbm
35.05,4,3,5.0,40,9.42,-95.0
34.49,5,7,2.4,20,37.08,-95.0
29.33,2,7,2.4,20,55.46,-95.0
37.42,1,5,5.0,20,97.07,-95.0
35.25,5,1,2.4,20,15.43,-95.0
33.77,2,8,2.4,20,46.96,-95.0
6.72,4,4,2.4,40,43.72,-78.19
37.62,3,7,2.4,20,68.25,-95.0
9.8,5,0,5.0,40,70.52,-87.23
21.19,3,5,2.4,20,66.84,-95.0
25.87,0,6,2.4,40,55.92,-91.55
2.36,2,3,2.4,20,85.34,-64.76
3.57,5,2,2.4,40,55.7,-75.45
30.23,2,3,5.0,20,2.27,-95.0
32.78,4,4,2.4,40,15.23,-95.0
20.63,1,3,2.4,40,36.18,-85.52
6.19,2,8,5.0,40,26.59,-78.68
35.27,1,6,2.4,20,9.64,-95.0
21.05,4,1,2.4,40,17.68,-95.0
34.37,3,6,2.4,40,58.41,-95.0
4.72,5,3,2.4,20,32.99,-76.56
5.55,1,5,2.4,80,58.11,-70.11
27.0,2,0,5.0,20,78.27,-93.76
22.41,4,4,5.0,40,47.35,-95.0
15.59,3,4,2.4,20,82.63,-89.64
7.17,2,4,2.4,40,28.12,-67.38
32.99,6,6,2.4,80,23.02,-95.0
25.41,3,3,5.0,40,31.71,-95.0
13.8,4,4,2.4,80,16.46,-90.78
20.14,6,8,5.0,40,89.08,-95.0
23.83,3,2,5.0,40,37.37,-95.0
33.86,2,2,5.0,20,12.28,-95.0
7.74,5,1,2.4,80,19.64,-80.27
35.21,2,8,2.4,20,1.39,-95.0
6.8,0,6,2.4,40,69.43,-68.71
9.79,6,7,5.0,40,13.11,-95.0
14.24,0,4,5.0,80,28.64,-76.11
2.09,4,4,2.4,20,14.03,-68.52
43.51,1,5,5.0,40,46.74,-95.0
1.78,4,0,5.0,40,23.26,-65.08
27.66,6,7,2.4,20,37.42,-95.0
29.68,6,7,2.4,20,23.67,-95.0
36.93,6,0,2.4,40,14.62,-95.0
14.65,6,1,5.0,20,28.47,-95.0
6.08,3,0,2.4,20,5.34,-57.03
30.95,5,3,2.4,40,87.5,-95.0
2.91,3,1,2.4,20,57.12,-59.2
3.17,0,3,2.4,20,83.35,-50.95
41.69,4,0,5.0,80,97.96,-95.0
35.3,4,5,5.0,20,53.61,-95.0
38.73,5,4,2.4,40,26.65,-95.0
22.03,1,3,2.4,20,36.64,-83.6
17.7,1,6,2.4,80,91.63,-85.61
15.45,3,4,5.0,40,80.44,-95.0
28.85,0,2,5.0,20,69.48,-93.21
28.03,4,0,5.0,20,93.59,-95.0
43.19,1,7,2.4,40,79.51,-95.0
12.15,5,5,2.4,40,17.13,-90.97
26.19,3,4,2.4,40,79.92,-95.0
27.38,0,8,2.4,20,8.77,-95.0
19.42,6,6,5.0,20,89.84,-95.0
12.9,5,3,2.4,20,14.78,-85.98
20.27,5,3,5.0,40,93.61,-95.0
22.09,0,3,5.0,40,95.12,-86.4
38.42,6,5,2.4,40,68.61,-95.0
20.99,5,7,2.4,20,44.23,-95.0
41.41,5,7,2.4,80,87.92,-95.0
37.82,0,0,5.0,40,65.01,-95.0
40.47,6,0,2.4,20,77.68,-95.0
41.07,2,5,2.4,20,5.17,-95.0
36.27,6,2,5.0,20,80.1,-95.0
34.97,5,6,5.0,20,20.18,-95.0
28.72,0,7,2.4,40,19.3,-95.0
32.24,3,8,2.4,20,61.63,-95.0
39.9,3,6,2.4,20,18.35,-95.0
21.18,3,7,2.4,40,14.51,-95.0
14.26,2,5,5.0,40,94.06,-91.05
23.37,4,3,2.4,20,13.41,-95.0
14.41,4,3,2.4,40,41.18,-91.06
10.58,6,5,2.4,20,41.84,-92.82
10.93,0,5,2.4,40,64.79,-68.11
14.91,1,7,2.4,20,62.6,-77.25
23.56,5,6,5.0,80,50.36,-95.0
36.19,1,2,5.0,20,11.59,-95.0
38.05,5,0,2.4,20,17.3,-95.0
33.68,6,0,5.0,80,37.23,-95.0
27.44,4,1,2.4,80,99.55,-95.0
14.68,5,6,5.0,20,64.09,-95.0
10.2,5,4,2.4,20,83.63,-88.24
25.46,1,7,5.0,20,44.82,-95.0
4.52,5,6,2.4,20,15.07,-86.55
40.91,6,0,2.4,20,49.02,-95.0
22.7,0,0,2.4,40,63.76,-73.79
30.49,5,6,2.4,20,53.95,-95.0
38.16,2,4,5.0,80,50.48,-95.0
26.83,0,7,2.4,20,53.14,-95.0
18.54,6,8,2.4,20,33.89,-95.0
2.09,4,8,2.4,20,59.85,-83.82
13.23,1,6,2.4,80,62.04,-77.68
34.5,4,8,5.0,80,78.2,-95.0
6.02,3,6,2.4,40,65.41,-75.75
44.32,1,2,5.0,40,34.65,-95.0
2.8,3,6,2.4,80,46.5,-79.73
19.11,0,7,2.4,40,80.21,-86.42
37.19,1,0,2.4,20,10.93,-95.0
32.38,4,6,5.0,40,80.09,-95.0
11.32,0,5,5.0,20,51.46,-73.9
2.3,5,3,5.0,40,23.77,-85.82
16.31,5,7,2.4,40,39.69,-95.0
40.01,6,1,2.4,20,71.76,-95.0
44.94,4,2,2.4,20,57.49,-95.0
18.26,3,8,2.4,20,36.54,-95.0
9.89,3,0,2.4,40,34.33,-68.48
43.21,6,6,2.4,20,89.7,-95.0
15.32,6,8,2.4,40,59.07,-95.0
14.17,5,2,2.4,20,87.43,-92.78
25.71,1,7,5.0,20,47.63,-95.0
30.68,1,7,5.0,40,18.52,-95.0
5.48,2,5,5.0,40,43.3,-71.79
43.23,5,0,2.4,20,6.55,-95.0
23.71,5,2,2.4,20,38.45,-95.0
31.72,3,1,2.4,20,41.66,-95.0
5.93,2,7,2.4,40,48.95,-80.39
19.98,3,7,5.0,20,32.25,-95.0
22.11,6,6,2.4,20,93.04,-95.0
21.27,6,6,2.4,20,13.82,-95.0
1.41,6,1,2.4,20,62.01,-72.04
26.05,1,5,5.0,20,85.34,-95.0
8.16,6,6,5.0,20,91.88,-95.0
27.55,6,8,2.4,40,31.84,-95.0
27.43,2,1,2.4,20,7.81,-87.89
16.25,2,0,2.4,40,70.81,-70.01
14.95,0,8,2.4,20,14.37,-80.98
8.61,5,4,5.0,20,1.66,-83.75
26.72,2,1,5.0,80,53.62,-95.0
13.02,5,0,2.4,20,66.36,-89.99
1.8,0,5,2.4,80,25.37,-54.69
25.36,3,3,5.0,40,56.69,-95.0
44.27,1,3,2.4,20,79.6,-95.0
18.95,6,0,5.0,20,68.26,-95.0
43.31,1,1,2.4,80,91.26,-95.0
21.67,6,6,5.0,20,51.7,-95.0
33.17,3,7,2.4,20,90.4,-95.0
36.12,3,0,2.4,40,2.31,-95.0
17.59,5,6,5.0,20,31.91,-95.0
26.56,2,3,2.4,80,46.76,-95.0
17.6,2,3,2.4,20,68.46,-89.28
43.02,5,2,2.4,40,88.1,-95.0
9.89,6,1,2.4,20,25.94,-84.32
22.19,0,8,5.0,20,11.07,-93.91
13.97,2,6,5.0,80,98.46,-95.0
42.93,4,0,2.4,20,55.29,-95.0
38.22,5,5,2.4,20,25.33,-95.0
38.49,2,5,5.0,20,37.13,-95.0
34.44,0,6,2.4,80,12.07,-95.0
5.42,2,2,5.0,20,41.36,-63.55
11.79,6,6,5.0,80,33.93,-95.0
11.93,2,2,2.4,80,88.8,-77.6
23.78,1,4,2.4,40,43.46,-89.42
6.53,1,8,2.4,80,16.36,-70.88
10.14,1,2,2.4,20,91.68,-63.47
27.76,0,4,2.4,40,18.72,-95.0
37.01,5,6,2.4,20,92.07,-95.0
3.2,6,3,5.0,40,75.08,-88.92
10.33,1,8,2.4,40,0.23,-79.95
13.36,6,0,2.4,20,15.23,-87.22
18.29,1,8,2.4,40,46.11,-93.29
27.39,0,4,5.0,20,17.72,-89.61
38.22,4,0,2.4,80,74.96,-95.0
24.38,5,5,2.4,80,36.63,-95.0
18.74,6,5,5.0,40,90.71,-95.0
29.47,2,3,2.4,20,12.58,-95.0
30.37,0,5,5.0,20,32.65,-95.0
35.24,6,7,2.4,40,12.94,-95.0
7.1,1,2,5.0,80,20.25,-60.8
31.86,5,8,2.4,20,62.55,-95.0
43.95,3,3,5.0,20,40.01,-95.0
27.85,2,3,5.0,80,32.22,-95.0
22.55,3,5,2.4,20,91.27,-95.0
38.11,6,8,5.0,40,76.26,-95.0
21.08,4,2,2.4,20,25.78,-92.89
19.04,2,1,5.0,80,16.77,-83.72
15.79,3,7,5.0,20,77.43,-95.0
18.16,3,8,2.4,20,42.28,-93.76
42.05,2,8,2.4,20,79.07,-95.0
39.93,1,5,2.4,40,17.64,-95.0
25.3,1,4,5.0,40,99.2,-95.0
5.19,4,6,5.0,20,46.12,-85.21
3.26,2,6,2.4,40,83.21,-74.13
19.33,2,2,5.0,40,49.13,-88.97
7.33,3,7,2.4,20,53.38,-85.8
3.32,1,0,2.4,40,3.48,-44.68
37.22,2,1,2.4,80,82.31,-95.0
37.04,0,0,2.4,40,25.75,-92.37
23.18,3,6,2.4,20,21.92,-95.0
34.07,6,1,2.4,20,17.53,-95.0
18.53,4,8,2.4,40,44.87,-95.0
39.5,6,8,5.0,20,22.08,-95.0
13.72,1,6,2.4,40,82.85,-77.55
2.17,3,0,2.4,20,26.02,-56.74
34.35,0,7,2.4,20,27.07,-95.0
14.85,3,5,5.0,20,0.11,-93.88
40.36,5,5,2.4,80,47.0,-95.0
42.16,3,0,2.4,40,19.55,-95.0
10.42,6,0,2.4,20,17.61,-82.85
38.85,1,2,2.4,20,35.74,-95.0
27.86,2,1,5.0,80,9.98,-95.0
6.07,3,5,2.4,80,75.43,-75.83
24.15,1,8,2.4,20,32.39,-95.0
26.38,6,7,2.4,80,49.86,-95.0
18.49,5,5,2.4,20,19.32,-95.0
39.11,0,5,2.4,20,43.15,-95.0
41.78,5,8,2.4,20,45.1,-95.0
21.32,2,5,2.4,20,34.57,-92.42
5.16,2,1,5.0,20,21.45,-61.67
34.24,3,2,5.0,80,59.74,-95.0
3.31,4,8,2.4,80,57.9,-87.3
2.7,6,6,2.4,20,74.35,-95.0
22.84,1,4,2.4,40,33.07,-87.41
17.41,5,5,2.4,20,77.49,-95.0
24.61,1,8,5.0,80,18.76,-95.0
39.64,4,3,2.4,40,48.18,-95.0
44.21,5,5,2.4,20,41.76,-95.0
35.97,1,7,2.4,20,87.43,-95.0
23.9,3,4,5.0,20,66.83,-95.0
28.22,0,0,2.4,40,21.43,-78.8
9.29,3,3,2.4,80,40.5,-75.09
43.87,1,0,5.0,80,63.42,-95.0
19.97,2,0,2.4,80,95.87,-82.71
32.06,3,2,5.0,20,93.59,-95.0
6.17,1,0,5.0,20,53.49,-57.76
25.97,4,3,2.4,20,96.88,-95.0
9.33,3,2,5.0,20,86.73,-77.61
37.52,0,8,5.0,80,12.69,-95.0
25.01,2,4,5.0,80,70.48,-95.0
21.08,6,3,2.4,20,8.98,-95.0
35.31,5,4,5.0,40,3.52,-95.0
10.06,1,8,2.4,40,93.62,-87.13
11.4,3,0,2.4,20,19.51,-65.79
41.15,1,4,2.4,20,80.06,-95.0
39.02,4,8,2.4,20,22.59,-95.0
42.61,5,3,5.0,40,18.28,-95.0
29.74,1,6,2.4,20,72.19,-95.0
42.21,5,1,2.4,20,51.95,-95.0
20.21,1,8,2.4,20,42.18,-92.79
27.09,1,2,2.4,20,98.14,-88.49
40.46,1,4,2.4,40,64.82,-95.0
19.84,3,5,5.0,40,34.77,-95.0
30.56,6,8,2.4,20,81.21,-95.0
33.41,3,4,2.4,40,13.12,-95.0
28.58,0,6,5.0,20,11.07,-95.0
7.79,1,1,2.4,40,88.28,-59.41
32.16,5,1,2.4,20,14.74,-95.0
14.57,2,1,2.4,40,6.99,-72.93
35.42,4,6,5.0,20,82.06,-95.0
16.88,1,1,2.4,20,24.09,-68.41
14.81,1,2,2.4,20,30.3,-73.87
11.38,3,6,5.0,20,64.3,-95.0
44.95,3,5,5.0,80,79.15,-95.0
4.57,4,0,2.4,20,40.74,-63.48
25.3,4,7,2.4,20,79.3,-95.0
44.77,4,7,5.0,20,40.17,-95.0
27.68,4,8,2.4,40,29.63,-95.0
9.59,5,0,5.0,20,83.41,-87.8
9.44,5,1,5.0,20,91.33,-88.75
30.82,6,7,2.4,20,96.45,-95.0
19.92,6,3,2.4,40,77.18,-95.0
37.75,5,1,2.4,40,99.41,-95.0
10.15,6,4,5.0,20,39.52,-95.0
17.35,1,1,2.4,20,47.94,-74.88
29.26,5,6,5.0,20,40.34,-95.0
11.82,6,6,5.0,20,46.82,-95.0
9.16,2,4,2.4,40,90.76,-77.33
12.71,4,2,2.4,20,94.38,-85.16
10.89,2,7,2.4,20,16.19,-79.94
35.45,1,1,5.0,80,84.84,-95.0
3.22,6,7,2.4,40,76.0,-95.0
35.36,1,8,5.0,20,87.67,-95.0
33.77,0,7,5.0,20,11.78,-95.0
23.13,4,4,2.4,20,78.69,-95.0
11.86,5,6,5.0,40,18.85,-95.0
43.27,0,6,5.0,80,35.21,-95.0
21.85,0,8,2.4,20,87.55,-93.68
35.66,4,3,5.0,80,30.13,-95.0
15.82,1,5,5.0,40,2.45,-85.92
32.32,2,5,2.4,20,34.83,-95.0
2.36,5,3,5.0,20,74.97,-82.69
39.13,1,6,5.0,20,53.13,-95.0
11.81,5,2,2.4,80,71.0,-90.49
33.74,6,4,2.4,20,64.04,-95.0
40.07,5,7,2.4,40,14.1,-95.0
40.73,4,8,2.4,20,21.18,-95.0
6.28,2,0,5.0,20,13.25,-61.43
26.53,0,6,2.4,80,63.85,-95.0
32.36,2,4,2.4,20,16.97,-95.0
12.47,2,1,2.4,40,33.02,-66.79
38.68,6,0,5.0,20,21.66,-95.0
41.03,0,2,2.4,20,55.43,-95.0
27.85,1,5,2.4,40,67.48,-95.0
4.26,5,4,2.4,20,22.24,-81.25
33.69,5,2,5.0,40,76.04,-95.0
22.96,0,5,5.0,20,52.87,-93.46
33.45,0,0,2.4,20,92.17,-89.3
21.61,6,8,2.4,20,21.69,-95.0
1.02,4,3,5.0,40,3.21,-70.85
7.79,0,8,2.4,40,32.62,-70.14
19.14,2,6,2.4,80,50.02,-94.76
38.39,2,8,2.4,20,25.04,-95.0
26.63,5,8,5.0,40,63.9,-95.0
42.05,2,1,2.4,40,30.32,-95.0
44.37,3,8,5.0,40,26.91,-95.0
25.08,0,5,2.4,40,40.83,-84.5
15.68,2,2,2.4,20,85.05,-83.18
11.03,0,6,2.4,20,31.64,-69.62
29.86,6,2,2.4,20,58.17,-95.0
38.35,0,1,2.4,20,44.29,-93.73
36.32,4,8,2.4,20,90.39,-95.0
7.6,6,1,5.0,40,59.94,-93.26
22.74,3,2,2.4,20,22.44,-88.91
16.5,3,6,2.4,20,64.4,-95.0
35.17,3,7,5.0,20,47.5,-95.0
11.8,1,0,2.4,20,41.39,-60.36
37.27,3,8,2.4,80,1.79,-95.0
42.88,3,0,5.0,80,90.59,-95.0
25.21,5,0,5.0,40,61.47,-95.0
26.16,3,1,5.0,20,72.98,-95.0
21.79,5,4,2.4,80,73.31,-95.0
8.69,2,1,2.4,80,73.41,-70.82
38.82,4,3,5.0,20,61.87,-95.0
12.35,0,6,5.0,20,8.84,-75.16
15.95,2,0,2.4,40,28.51,-75.98
38.21,5,4,5.0,20,95.3,-95.0
6.1,2,7,2.4,20,15.27,-74.63
3.08,3,2,2.4,20,41.44,-62.65
13.3,2,0,2.4,20,65.13,-74.13
1.61,3,2,2.4,20,81.03,-62.79
24.34,1,5,2.4,40,34.48,-94.74
5.41,0,7,5.0,20,60.14,-68.85
13.53,5,7,2.4,80,98.1,-95.0
20.58,6,4,2.4,20,98.76,-95.0
20.91,0,7,2.4,20,97.8,-89.29
6.76,1,0,5.0,20,50.41,-58.86
19.64,0,8,2.4,80,25.88,-88.31
38.82,1,4,2.4,80,38.99,-95.0
43.97,1,1,2.4,20,39.18,-95.0
30.92,3,1,5.0,20,35.52,-95.0
32.54,3,4,2.4,80,57.2,-95.0
40.6,3,3,2.4,20,12.39,-95.0
33.87,2,1,5.0,80,60.65,-95.0
32.4,4,8,2.4,20,51.92,-95.0
8.83,3,5,2.4,80,26.46,-80.76
5.76,5,2,2.4,20,27.94,-79.66
17.66,2,3,2.4,20,8.97,-78.11
9.89,2,6,5.0,80,50.42,-86.87
14.84,0,6,5.0,40,89.55,-82.07
34.74,4,7,2.4,80,9.43,-95.0
34.88,0,0,5.0,20,77.02,-95.0
27.51,3,7,2.4,20,41.42,-95.0
20.72,3,2,2.4,20,87.94,-92.75
40.32,6,3,2.4,40,41.77,-95.0
23.12,0,1,2.4,40,41.34,-71.85
12.3,4,8,5.0,80,83.81,-95.0
24.16,3,1,5.0,40,26.34,-95.0
6.07,2,5,5.0,20,59.79,-73.07
3.97,3,4,2.4,40,11.87,-70.41
40.37,1,1,2.4,40,71.81,-95.0
7.88,4,0,5.0,20,87.25,-76.42
41.58,6,0,2.4,80,94.75,-95.0
16.63,4,4,2.4,20,89.84,-95.0
32.03,4,0,2.4,40,33.9,-95.0
5.14,5,8,5.0,80,13.65,-95.0
17.21,6,4,2.4,20,36.89,-95.0
17.98,1,1,2.4,40,38.82,-74.45
24.49,6,6,2.4,40,96.62,-95.0
41.03,6,7,2.4,20,69.83,-95.0
21.17,0,0,2.4,20,75.15,-71.1
32.83,5,7,2.4,40,75.46,-95.0
39.24,0,0,2.4,20,86.03,-95.0
19.49,0,1,2.4,40,20.44,-70.47
40.07,4,6,2.4,20,97.21,-95.0
27.86,1,2,2.4,20,72.85,-94.0
1.21,6,6,5.0,40,47.16,-95.0
20.19,0,2,2.4,20,59.82,-71.94
44.78,5,0,2.4,20,35.21,-95.0
8.68,0,6,2.4,80,3.26,-66.97
18.74,5,0,2.4,80,20.9,-86.94
26.24,2,4,2.4,20,82.68,-95.0
19.85,0,6,5.0,20,56.77,-92.93
8.49,4,0,5.0,20,72.37,-75.35
38.95,4,7,2.4,20,5.63,-95.0
11.33,3,4,2.4,40,48.89,-81.74
44.52,2,1,5.0,20,47.76,-95.0
30.27,6,6,2.4,20,36.66,-95.0
21.34,2,2,2.4,20,36.5,-82.95
39.37,1,5,2.4,40,84.77,-95.0
7.63,3,0,2.4,40,98.72,-66.89
33.92,0,0,2.4,40,35.92,-88.98
27.19,1,8,2.4,20,12.39,-95.0
27.24,1,7,5.0,80,80.58,-95.0
25.46,5,2,2.4,80,68.19,-95.0
19.34,1,4,2.4,20,23.67,-81.26
3.96,5,8,2.4,20,76.53,-88.9
40.61,6,6,2.4,40,63.16,-95.0
37.44,6,6,2.4,20,69.73,-95.0
26.85,1,5,2.4,40,99.77,-95.0
9.91,4,4,2.4,40,4.91,-82.07
26.65,5,5,5.0,40,64.15,-95.0
28.49,6,4,2.4,20,27.32,-95.0
39.41,3,6,2.4,40,22.17,-95.0
37.41,2,5,2.4,20,44.63,-95.0
32.83,2,4,2.4,20,14.3,-95.0
17.43,6,8,2.4,20,10.58,-95.0
36.89,5,3,5.0,40,11.08,-95.0
43.2,1,3,2.4,80,88.37,-95.0
25.3,4,1,5.0,20,3.39,-95.0
42.82,3,7,2.4,20,94.04,-95.0
24.43,5,5,2.4,20,11.94,-95.0
11.24,2,7,2.4,20,54.86,-85.88
8.18,2,5,2.4,40,91.22,-78.69
41.19,0,8,5.0,40,62.01,-95.0
31.38,3,0,5.0,40,78.15,-95.0
1.55,5,4,2.4,20,33.97,-75.43
43.68,3,1,2.4,20,54.33,-95.0
29.32,5,8,2.4,40,2.5,-95.0
21.4,6,0,2.4,40,74.67,-95.0
27.57,2,3,2.4,20,65.5,-95.0
1.7,4,5,5.0,40,54.52,-85.29
31.66,5,7,2.4,80,2.6,-95.0
4.38,5,1,2.4,20,33.44,-73.18
20.85,0,3,5.0,80,65.26,-81.71
41.19,3,0,2.4,80,95.07,-95.0
30.37,3,4,5.0,20,14.42,-95.0
11.23,5,5,2.4,80,81.93,-95.0
35.01,0,2,2.4,20,86.09,-94.38
40.69,2,7,5.0,20,93.18,-95.0
19.59,4,5,2.4,20,24.13,-95.0
22.85,5,7,2.4,40,42.86,-95.0
10.21,1,7,2.4,40,76.0,-78.35
38.97,1,2,5.0,40,79.87,-95.0
38.24,0,8,2.4,40,74.46,-95.0
41.79,1,3,2.4,20,22.58,-95.0
18.45,6,3,2.4,20,80.58,-95.0
4.09,5,5,2.4,40,44.73,-85.02
21.76,2,5,2.4,20,81.78,-92.13
16.02,4,7,5.0,20,58.27,-95.0
33.52,2,2,5.0,20,51.11,-95.0
17.78,0,7,5.0,80,16.59,-83.41
2.41,6,3,5.0,40,53.27,-87.34
36.74,3,6,2.4,80,22.99,-95.0
29.28,5,8,2.4,20,13.95,-95.0
10.96,2,4,5.0,20,55.65,-80.74
36.53,1,3,2.4,20,74.08,-95.0
7.01,1,3,5.0,20,29.88,-61.92
15.7,3,2,2.4,20,52.96,-78.09
26.31,6,0,5.0,20,76.48,-95.0
35.44,1,1,2.4,20,3.29,-91.79
32.86,3,7,2.4,80,79.75,-95.0
31.73,3,6,2.4,40,91.91,-95.0
14.89,0,0,5.0,20,67.53,-64.36
44.6,1,1,5.0,80,4.89,-95.0
16.61,4,5,2.4,20,13.52,-91.42
5.55,0,5,2.4,20,69.19,-61.28
24.72,4,8,2.4,40,7.51,-95.0
44.49,5,7,2.4,40,35.33,-95.0
34.9,2,8,2.4,20,59.59,-95.0
11.77,4,2,5.0,20,16.58,-84.44
39.42,1,6,2.4,20,55.87,-95.0
27.26,1,3,5.0,20,67.91,-95.0
43.06,6,8,5.0,20,22.0,-95.0
33.4,0,1,2.4,20,82.64,-91.47
29.3,6,5,2.4,20,4.57,-95.0
20.05,3,3,2.4,20,58.78,-89.4
3.83,0,6,2.4,20,43.13,-58.85
15.12,3,6,5.0,40,43.17,-95.0
19.23,4,4,2.4,20,41.49,-95.0
19.06,4,5,5.0,20,62.15,-95.0
1.89,3,2,2.4,20,27.46,-60.2
24.28,3,0,2.4,20,54.97,-88.42
25.13,2,1,2.4,80,10.83,-87.49
7.45,6,8,2.4,40,98.67,-95.0
43.88,2,1,2.4,20,38.4,-95.0
7.57,2,8,2.4,40,96.79,-83.45
41.61,2,5,5.0,20,53.34,-95.0
21.07,2,1,2.4,80,3.45,-82.94
44.97,3,0,2.4,40,6.0,-95.0
31.1,2,5,2.4,40,59.43,-95.0
25.78,5,7,5.0,20,32.16,-95.0
11.76,4,0,5.0,20,81.49,-86.07
13.48,5,3,2.4,40,95.77,-95.0
7.76,0,6,2.4,80,51.79,-68.66
7.91,3,0,2.4,80,79.73,-70.99
5.43,5,5,2.4,40,32.05,-86.55
26.25,6,1,2.4,40,12.82,-95.0
23.25,2,7,5.0,40,71.61,-95.0
28.0,5,2,2.4,40,6.64,-95.0
3.67,6,4,2.4,40,79.09,-90.71
14.62,6,4,2.4,20,65.51,-95.0
44.09,5,0,5.0,40,24.49,-95.0
4.72,2,6,2.4,20,7.95,-67.08
13.89,2,8,5.0,40,27.86,-92.33
42.72,1,0,2.4,20,39.33,-95.0
21.87,0,5,2.4,20,26.69,-76.07
27.51,4,3,5.0,20,25.39,-95.0
44.36,0,6,2.4,20,18.43,-95.0
17.71,1,8,5.0,20,74.95,-95.0
21.28,2,5,5.0,20,88.66,-95.0
29.53,0,7,2.4,20,61.73,-95.0
10.49,3,2,2.4,20,24.45,-72.28
17.45,0,4,2.4,20,73.16,-73.41
1.72,3,8,5.0,40,86.91,-86.46
15.85,0,5,2.4,20,22.2,-65.24
30.01,2,7,5.0,20,20.53,-95.0
25.06,5,8,5.0,80,85.03,-95.0
21.48,6,0,2.4,20,25.77,-95.0
42.94,1,1,5.0,40,64.09,-95.0
15.58,4,5,2.4,80,30.18,-95.0
32.29,4,5,2.4,40,15.95,-95.0
12.91,6,2,2.4,20,33.13,-89.07
9.38,4,1,2.4,20,68.89,-79.94
19.78,1,8,2.4,20,72.14,-94.97
38.09,3,0,5.0,20,30.33,-95.0
44.82,0,0,5.0,40,73.51,-95.0
38.77,2,1,2.4,40,35.39,-95.0
9.19,3,2,2.4,20,91.6,-73.4
44.22,0,8,2.4,40,60.08,-95.0
5.23,0,1,2.4,40,98.66,-53.54
32.27,3,8,5.0,20,86.7,-95.0
1.19,0,4,5.0,20,49.15,-55.85
3.54,6,0,5.0,80,14.33,-76.54
9.58,4,0,2.4,40,64.79,-74.51
25.42,4,0,2.4,80,76.15,-95.0
41.33,5,5,5.0,20,0.36,-95.0
5.82,6,0,2.4,40,79.06,-75.82
7.44,5,6,2.4,20,28.06,-90.59
13.07,3,7,5.0,40,13.9,-94.01
30.8,3,1,2.4,20,43.94,-94.97
23.81,2,0,2.4,20,95.41,-85.98
16.63,5,2,5.0,40,91.92,-95.0
6.05,6,5,2.4,40,87.94,-93.74
43.74,3,4,2.4,20,3.73,-95.0
5.46,5,2,2.4,20,7.93,-76.74
4.16,0,4,2.4,20,18.88,-50.52
42.87,2,1,5.0,40,64.17,-95.0
31.98,3,7,2.4,40,32.38,-95.0
30.24,3,0,2.4,20,19.07,-95.0
28.65,0,3,2.4,20,35.27,-91.02
26.48,3,4,2.4,80,75.63,-95.0
22.09,0,0,5.0,20,25.59,-71.56
3.72,1,0,2.4,20,93.34,-52.09
25.03,5,5,2.4,20,73.75,-95.0
4.76,5,2,2.4,20,70.77,-80.3
27.59,1,7,2.4,40,50.65,-95.0
42.54,3,2,2.4,20,36.67,-95.0
24.09,3,7,2.4,40,34.01,-95.0
7.93,1,0,2.4,40,79.55,-54.13
35.05,2,3,2.4,20,3.87,-95.0
22.8,2,3,2.4,20,67.79,-93.42
14.99,1,3,2.4,40,31.47,-73.49
31.54,2,5,2.4,20,89.27,-95.0
38.63,0,1,2.4,20,1.01,-93.12
21.02,2,8,2.4,80,92.24,-95.0
9.92,3,6,2.4,80,43.93,-86.08
7.08,2,6,5.0,20,74.04,-77.92
4.29,5,0,5.0,40,6.88,-70.15
24.03,3,8,5.0,40,51.59,-95.0
23.26,5,0,5.0,20,51.12,-95.0
14.18,4,2,2.4,40,5.73,-78.11
38.87,3,3,5.0,20,15.42,-95.0
4.8,6,7,5.0,40,56.25,-95.0
44.32,3,2,2.4,40,32.88,-95.0
1.31,4,5,2.4,20,4.04,-73.44
39.67,1,3,5.0,40,32.81,-95.0
31.44,5,5,2.4,20,99.09,-95.0
42.25,1,8,2.4,40,45.11,-95.0
1.3,2,2,5.0,40,61.97,-62.8
14.66,5,8,2.4,20,55.23,-95.0
25.32,4,3,5.0,80,93.21,-95.0
20.45,2,6,5.0,40,70.0,-95.0
10.18,4,4,2.4,20,85.6,-93.09
6.68,4,7,5.0,40,39.2,-89.75
19.22,6,5,2.4,40,71.82,-95.0
22.85,3,7,5.0,20,95.91,-95.0
44.47,1,8,5.0,40,60.94,-95.0
24.91,5,6,2.4,80,10.97,-95.0
23.26,6,3,2.4,20,83.76,-95.0
3.14,6,0,2.4,20,70.51,-73.49
11.05,4,5,2.4,20,88.88,-89.58
39.98,3,2,2.4,20,48.01,-95.0
6.04,1,7,5.0,40,34.4,-75.36
13.87,0,7,2.4,80,62.27,-80.0
32.29,4,4,5.0,20,97.33,-95.0
38.87,0,4,5.0,20,76.19,-95.0
14.51,6,4,2.4,20,82.01,-95.0
33.79,1,0,5.0,40,40.17,-95.0
41.27,6,7,2.4,20,77.94,-95.0
36.37,0,2,5.0,20,4.44,-95.0
39.26,5,7,5.0,20,28.68,-95.0
23.05,6,1,5.0,20,14.32,-95.0
9.75,1,2,5.0,20,61.5,-68.25
27.51,4,6,2.4,20,32.06,-95.0
28.36,1,2,2.4,40,66.84,-92.22
39.95,1,6,2.4,20,10.64,-95.0
27.35,5,3,2.4,20,82.21,-95.0
36.4,3,4,2.4,20,81.58,-95.0
3.28,4,6,2.4,20,24.71,-72.57
14.08,6,1,2.4,20,31.77,-89.87
7.98,6,3,5.0,20,21.27,-91.22
40.16,1,6,2.4,20,21.12,-95.0
17.72,0,5,2.4,40,29.63,-78.58
35.79,5,7,2.4,40,27.82,-95.0
33.47,0,1,2.4,20,18.45,-85.34
16.31,2,8,2.4,20,3.89,-94.81
5.06,5,4,5.0,20,29.94,-87.16
2.09,0,3,5.0,20,57.41,-49.6
3.68,0,1,2.4,40,43.9,-47.39
39.17,1,6,5.0,40,85.22,-95.0
33.13,2,7,5.0,20,63.83,-95.0
38.45,1,3,5.0,40,96.19,-95.0
32.22,0,6,5.0,80,57.35,-95.0
8.36,5,8,2.4,40,79.58,-95.0
10.29,3,1,5.0,40,9.01,-76.41
12.01,6,7,2.4,20,8.49,-95.0
20.83,1,6,2.4,20,26.17,-86.71
41.83,1,1,5.0,20,8.84,-95.0
3.57,2,7,2.4,20,66.2,-72.35
42.35,2,8,5.0,40,79.24,-95.0
32.0,4,0,5.0,80,8.5,-95.0
42.05,2,2,2.4,80,96.02,-95.0
16.36,4,6,2.4,20,2.33,-95.0
25.74,0,5,2.4,40,41.53,-90.13
1.69,1,1,2.4,20,2.01,-41.71
30.31,5,5,5.0,40,56.78,-95.0
25.82,1,0,2.4,20,42.78,-83.0
31.18,5,7,5.0,40,53.83,-95.0
32.81,2,4,2.4,20,93.56,-95.0
21.94,2,5,2.4,20,29.03,-94.86
31.17,6,0,5.0,20,68.26,-95.0
29.72,0,5,5.0,40,73.23,-95.0
11.4,0,2,2.4,20,36.67,-58.19
27.57,1,1,5.0,20,70.62,-94.81
21.68,5,0,5.0,20,94.93,-95.0
25.81,0,2,2.4,20,37.06,-83.02
5.91,5,1,5.0,20,0.19,-71.39
1.88,5,3,5.0,80,71.29,-87.35
43.88,1,0,5.0,40,92.89,-95.0
7.27,5,5,2.4,40,92.46,-95.0
14.69,0,3,2.4,20,14.34,-64.87
32.01,1,4,2.4,40,81.29,-95.0
25.07,4,7,2.4,20,86.54,-95.0
18.42,1,2,2.4,40,66.05,-77.08
10.58,6,7,2.4,80,20.74,-95.0
24.61,5,7,2.4,80,53.14,-95.0
23.45,4,0,2.4,20,34.27,-93.35
22.9,5,0,2.4,20,19.09,-95.0
8.82,1,7,2.4,20,87.57,-78.22
19.72,2,8,5.0,40,6.89,-95.0
44.52,0,8,2.4,20,31.55,-95.0
31.57,6,2,2.4,20,49.8,-95.0
20.01,0,1,5.0,20,52.19,-70.95
4.36,4,1,2.4,20,49.35,-68.56
4.84,4,3,2.4,20,37.21,-75.54
10.69,0,4,5.0,80,97.96,-73.31
4.55,5,2,2.4,20,9.52,-65.86
15.95,0,1,5.0,20,85.19,-64.45
24.69,3,1,2.4,20,16.16,-92.59
12.61,6,1,5.0,20,56.51,-94.9
12.03,5,4,2.4,40,22.17,-93.84
14.85,2,8,5.0,80,65.2,-95.0
22.12,4,8,2.4,20,64.04,-95.0
6.46,0,3,2.4,40,37.88,-50.48
20.47,3,6,2.4,80,48.06,-95.0
11.63,2,2,2.4,40,94.96,-72.27
25.08,3,4,5.0,40,29.3,-95.0
18.39,2,7,5.0,40,16.16,-95.0
6.23,0,7,2.4,40,91.01,-68.01
18.29,2,5,2.4,20,2.91,-85.8
29.57,3,5,2.4,20,36.95,-95.0
33.09,0,2,2.4,80,53.93,-95.0
4.22,4,1,2.4,40,83.59,-74.44
10.65,1,2,2.4,40,68.68,-66.76
13.98,4,5,2.4,20,90.74,-95.0
32.33,0,6,5.0,40,32.16,-95.0
34.92,4,4,5.0,20,58.95,-95.0
14.99,3,4,5.0,40,88.7,-95.0
44.85,4,1,2.4,20,79.84,-95.0
33.17,5,5,2.4,40,50.93,-95.0
23.13,0,7,5.0,40,39.05,-95.0
2.47,0,3,2.4,20,3.12,-45.69
20.14,0,3,2.4,40,43.8,-73.82
26.56,0,0,5.0,20,45.09,-83.53
24.05,4,2,5.0,20,63.88,-95.0
1.85,6,3,2.4,20,96.2,-85.97
44.81,1,2,5.0,40,61.18,-95.0
29.78,4,8,5.0,20,69.94,-95.0
41.43,6,7,2.4,20,6.96,-95.0
4.55,2,6,2.4,40,27.98,-70.11
6.17,0,7,2.4,20,20.51,-59.93
5.66,0,5,5.0,40,19.01,-60.23
20.75,5,1,5.0,20,44.94,-95.0
25.97,0,1,5.0,20,97.59,-86.76
9.0,2,0,2.4,20,21.84,-61.43
27.54,6,1,2.4,20,97.62,-95.0
33.22,2,6,2.4,20,38.43,-95.0
29.83,4,7,5.0,20,50.88,-95.0
12.59,3,7,2.4,20,80.02,-95.0
7.59,1,1,2.4,40,7.07,-52.25
21.47,3,8,2.4,80,88.77,-95.0
36.95,6,6,2.4,20,81.55,-95.0
34.31,3,8,2.4,40,86.25,-95.0
2.85,3,3,5.0,20,70.0,-71.4
16.64,0,5,2.4,80,15.63,-75.57
10.52,4,8,2.4,20,6.53,-95.0
26.96,3,7,2.4,20,58.93,-95.0
31.27,5,4,5.0,80,35.03,-95.0
6.53,2,4,2.4,80,62.74,-70.1
36.11,1,2,5.0,20,61.97,-95.0
35.67,0,7,2.4,40,55.08,-95.0
3.59,5,1,2.4,20,74.14,-75.57
41.5,6,0,5.0,20,47.41,-95.0
4.09,1,0,2.4,40,81.16,-51.25
6.48,4,5,2.4,40,94.96,-85.52
39.6,5,4,5.0,20,6.83,-95.0
3.29,3,8,5.0,80,31.39,-89.58
33.63,4,2,2.4,40,97.88,-95.0
21.91,5,5,2.4,20,28.4,-95.0
23.53,0,1,2.4,20,72.36,-75.86
40.44,1,0,2.4,20,22.51,-95.0
38.05,3,8,2.4,20,72.01,-95.0
9.84,0,6,2.4,40,35.93,-69.75
8.94,3,6,2.4,40,79.8,-81.24
1.85,4,2,2.4,40,91.92,-70.59
39.5,5,1,2.4,20,74.25,-95.0
12.31,6,6,2.4,20,0.22,-95.0
14.42,4,1,2.4,20,59.22,-83.51
9.22,3,1,2.4,20,30.81,-66.63
37.58,0,3,2.4,40,82.87,-95.0
14.04,2,2,2.4,20,87.79,-77.88
5.82,6,4,2.4,20,55.47,-88.25
38.06,3,8,5.0,40,52.8,-95.0
7.56,4,5,2.4,40,42.09,-84.6
15.4,1,8,2.4,20,16.55,-85.96
44.64,6,2,5.0,20,64.79,-95.0
22.81,0,5,2.4,20,82.85,-93.65
21.2,6,5,5.0,20,86.45,-95.0
35.14,1,1,2.4,40,52.49,-95.0
44.83,5,0,2.4,20,47.89,-95.0
38.67,0,6,2.4,20,61.81,-95.0
6.75,3,3,2.4,20,75.63,-69.56
26.92,5,4,5.0,20,11.43,-95.0
19.97,6,2,5.0,20,8.48,-95.0
35.03,6,7,5.0,40,72.42,-95.0
11.31,6,4,5.0,20,65.4,-95.0
23.14,0,0,5.0,80,14.14,-70.66
3.14,1,0,5.0,20,35.55,-49.28
44.12,1,2,5.0,20,7.05,-95.0
1.07,3,6,2.4,40,76.98,-77.28
2.08,2,6,5.0,20,27.42,-71.23
8.06,3,5,5.0,20,55.38,-81.16
14.35,0,7,2.4,20,84.87,-79.1
37.14,6,0,2.4,20,67.79,-95.0
38.39,5,8,5.0,40,50.58,-95.0
29.33,1,7,2.4,20,72.98,-95.0
10.3,0,8,2.4,20,33.15,-71.31
28.42,2,8,5.0,40,69.99,-95.0
38.71,6,1,2.4,80,86.41,-95.0
30.71,5,4,2.4,20,13.6,-95.0
20.65,4,4,2.4,80,63.86,-95.0
5.81,4,5,5.0,20,19.51,-83.45
13.01,1,4,2.4,20,64.85,-75.63
15.98,0,6,2.4,20,20.07,-74.6
21.85,3,0,2.4,80,91.84,-88.75
14.64,5,4,5.0,40,12.62,-95.0
39.28,2,7,2.4,40,15.57,-95.0
41.32,2,4,2.4,40,40.85,-95.0
15.98,2,7,2.4,20,30.65,-88.23
13.37,0,5,2.4,20,13.24,-65.48
39.48,5,8,2.4,40,73.72,-95.0
20.94,2,7,5.0,20,24.46,-95.0
38.6,3,3,5.0,20,47.85,-95.0
35.13,3,8,2.4,20,37.36,-95.0
14.07,5,0,2.4,20,34.64,-83.06
11.82,1,5,5.0,40,19.38,-71.58
26.98,0,4,2.4,20,54.31,-88.43
27.95,5,0,2.4,40,25.93,-95.0
19.04,1,2,5.0,20,23.67,-82.11
33.82,5,6,2.4,20,63.83,-95.0
10.93,3,7,2.4,20,3.64,-87.53
28.15,2,7,2.4,20,52.98,-95.0
22.23,5,8,2.4,20,98.94,-95.0
42.01,2,4,2.4,80,50.73,-95.0
12.99,3,5,2.4,20,70.94,-89.06
18.48,4,0,2.4,20,7.5,-85.89
4.6,5,2,5.0,20,99.76,-82.53
26.75,2,8,5.0,20,74.96,-95.0
31.12,3,4,2.4,20,95.54,-95.0
8.98,6,1,2.4,40,75.8,-90.43
10.18,3,0,2.4,40,72.97,-71.66
27.17,3,3,2.4,40,68.1,-95.0
42.39,4,3,2.4,20,50.06,-95.0
25.3,2,6,2.4,40,70.4,-95.0
18.7,5,1,2.4,40,90.9,-95.0
14.17,0,6,5.0,20,82.65,-80.97
1.47,5,1,2.4,80,42.5,-69.19
19.88,1,3,2.4,20,65.59,-82.1
35.12,0,1,5.0,40,12.53,-95.0
42.78,3,4,2.4,20,27.87,-95.0
39.99,1,2,5.0,40,11.53,-95.0
11.47,1,3,2.4,20,24.45,-60.34
26.72,4,4,2.4,20,68.04,-95.0
16.99,4,1,2.4,40,34.03,-89.53
38.2,5,0,5.0,20,99.97,-95.0
13.34,3,3,2.4,40,48.09,-85.78
23.28,4,7,5.0,20,28.85,-95.0
39.65,0,6,2.4,80,12.17,-95.0
10.54,5,1,2.4,20,94.12,-88.53
36.86,2,6,5.0,80,40.79,-95.0
13.13,4,7,2.4,20,21.61,-89.44
32.53,2,2,5.0,40,78.76,-95.0
28.77,4,1,2.4,40,63.17,-95.0
38.77,2,0,2.4,80,53.15,-95.0
27.19,3,7,5.0,40,22.78,-95.0
11.47,6,8,2.4,20,85.87,-95.0
16.88,4,6,2.4,20,48.64,-95.0
11.37,2,0,2.4,20,3.12,-62.94
28.57,5,0,2.4,80,58.22,-95.0
21.46,3,1,5.0,80,91.07,-95.0
14.67,5,1,2.4,20,63.31,-92.52
41.45,1,0,2.4,80,70.38,-95.0
27.2,2,2,2.4,20,35.32,-91.92
10.6,3,5,5.0,20,4.39,-82.55
35.06,4,5,5.0,20,23.49,-95.0
9.99,6,6,2.4,20,50.65,-95.0
27.44,6,3,5.0,40,87.91,-95.0
28.94,2,5,2.4,20,59.2,-95.0
1.33,5,7,2.4,40,61.5,-83.03
40.41,5,1,5.0,40,24.07,-95.0
14.91,3,3,2.4,80,22.97,-80.2
8.0,4,8,2.4,20,55.86,-87.62
36.94,3,2,2.4,40,60.26,-95.0
8.42,5,1,2.4,20,92.19,-83.08
28.44,0,3,2.4,40,29.43,-84.37
20.92,6,4,5.0,20,48.8,-95.0
16.4,6,6,2.4,40,41.67,-95.0
42.06,0,3,5.0,20,93.74,-95.0
19.14,0,6,2.4,20,99.48,-87.08
31.33,6,5,5.0,80,56.33,-95.0
2.0,6,5,5.0,20,16.47,-86.83
23.44,4,7,2.4,40,75.34,-95.0
6.13,0,8,2.4,40,5.38,-64.39
28.4,3,2,2.4,40,55.25,-95.0
20.34,0,1,5.0,80,29.96,-73.44
10.66,2,4,5.0,40,5.54,-77.94
11.01,2,7,2.4,40,31.9,-79.46
15.57,2,7,5.0,20,89.43,-95.0
29.97,1,0,2.4,20,6.28,-84.6
15.29,3,5,2.4,20,99.12,-95.0
6.53,6,3,2.4,40,36.64,-83.31
6.46,6,2,5.0,40,83.72,-91.94
8.67,6,0,2.4,20,50.42,-83.24
29.95,3,3,2.4,40,5.43,-95.0
2.0,5,4,5.0,40,60.84,-86.16
6.39,1,6,5.0,80,44.31,-70.68
34.15,1,4,2.4,20,17.02,-95.0
8.49,4,0,2.4,80,7.3,-72.48
20.85,6,2,5.0,80,40.47,-95.0
17.51,4,0,2.4,20,10.24,-84.61
5.35,3,0,2.4,20,13.76,-57.79
9.49,0,2,5.0,80,40.59,-62.88
32.35,4,5,2.4,20,43.76,-95.0
7.1,6,2,2.4,20,46.08,-86.01
23.41,2,1,2.4,40,47.93,-86.08
12.36,0,7,5.0,80,60.21,-83.39
19.77,3,1,5.0,40,15.49,-89.59
17.21,1,0,2.4,80,91.7,-69.07
43.08,4,7,5.0,80,38.19,-95.0
26.4,6,6,2.4,40,95.76,-95.0
44.39,1,3,2.4,20,78.5,-95.0
14.51,3,5,2.4,20,86.27,-89.36
34.55,6,5,5.0,20,26.23,-95.0
25.38,0,5,5.0,20,1.23,-90.11
44.94,4,2,2.4,20,42.54,-95.0
29.08,4,3,2.4,20,91.79,-95.0
15.44,3,0,2.4,80,4.12,-75.38
7.44,6,5,5.0,20,34.38,-95.0
33.67,1,2,2.4,20,77.56,-95.0
30.3,1,7,2.4,20,4.23,-95.0
26.63,5,2,2.4,40,74.87,-95.0
9.97,3,8,5.0,40,65.09,-95.0
41.85,4,5,2.4,20,81.91,-95.0
4.4,5,1,5.0,80,95.18,-85.59
35.5,0,7,2.4,20,99.7,-95.0
27.28,0,5,5.0,20,72.16,-93.77
37.48,1,1,5.0,40,18.89,-95.0
35.28,4,0,2.4,20,93.02,-95.0
18.06,5,8,2.4,20,41.16,-95.0
15.33,2,6,2.4,40,20.12,-85.23
7.45,0,4,5.0,20,16.34,-63.44
37.0,6,2,5.0,20,18.87,-95.0
21.62,2,0,5.0,20,35.34,-84.05
22.53,5,7,2.4,80,64.6,-95.0
36.97,4,8,2.4,20,44.29,-95.0
19.79,2,6,2.4,40,20.42,-91.13
7.84,0,1,5.0,40,73.88,-64.17
12.9,1,7,2.4,40,44.56,-80.9
26.28,3,6,2.4,80,53.04,-95.0
29.42,3,1,2.4,40,11.07,-95.0
33.56,2,0,5.0,40,14.14,-95.0
5.25,2,5,2.4,80,20.77,-66.89
6.64,6,1,2.4,40,99.89,-87.54
1.01,2,3,2.4,80,91.26,-62.34
7.3,4,3,5.0,20,66.32,-78.14
15.23,3,7,2.4,80,30.63,-94.6
12.22,5,1,2.4,20,62.6,-87.04
18.6,6,7,2.4,20,53.72,-95.0
15.39,2,0,5.0,20,19.27,-74.15
26.09,4,3,2.4,20,67.35,-95.0
41.27,6,2,2.4,80,81.06,-95.0
38.02,5,4,2.4,40,75.22,-95.0
27.69,3,3,2.4,80,54.96,-95.0
27.4,0,4,2.4,80,62.17,-90.53
21.01,6,2,2.4,20,17.61,-95.0
39.68,6,2,2.4,40,14.93,-95.0
17.01,4,0,2.4,80,24.71,-86.97
7.87,5,1,5.0,20,1.88,-79.57
38.96,5,2,2.4,80,67.67,-95.0
34.09,3,6,2.4,20,71.7,-95.0
42.83,1,5,2.4,20,61.37,-95.0
35.81,1,5,2.4,40,63.36,-95.0
19.2,1,5,2.4,40,6.73,-83.13
41.06,3,4,2.4,20,59.8,-95.0
32.2,4,0,5.0,20,65.17,-95.0
10.98,1,3,5.0,40,6.87,-71.93
14.72,3,5,2.4,20,60.77,-87.48
34.82,0,0,2.4,20,17.98,-88.79
4.13,6,1,5.0,20,71.14,-86.23
25.76,1,3,5.0,40,37.56,-95.0
4.58,6,3,2.4,80,44.49,-83.48
16.86,2,2,2.4,80,79.95,-83.38
33.86,5,3,2.4,40,13.0,-95.0
31.63,6,2,5.0,40,83.23,-95.0
39.23,4,3,2.4,40,90.38,-95.0
26.43,2,6,2.4,80,37.3,-95.0
26.7,5,3,2.4,20,19.53,-95.0
40.25,1,4,2.4,40,85.56,-95.0
6.45,4,8,5.0,20,82.37,-93.43
3.78,6,6,2.4,20,90.39,-95.0
3.54,4,5,5.0,40,98.3,-89.22
5.58,2,1,5.0,80,9.83,-63.68
34.59,2,0,2.4,80,80.04,-95.0
29.62,6,2,5.0,20,27.55,-95.0
30.96,5,8,2.4,80,61.27,-95.0
41.22,1,3,5.0,40,78.78,-95.0
30.92,3,0,2.4,80,96.87,-95.0
2.62,5,3,5.0,40,8.59,-71.25
7.29,5,4,2.4,20,8.0,-81.11
33.76,2,8,2.4,20,35.84,-95.0
16.47,5,6,5.0,80,24.28,-95.0
10.83,2,0,5.0,40,72.39,-69.64
44.8,6,8,2.4,80,24.36,-95.0
39.69,6,7,5.0,20,82.0,-95.0
6.83,1,1,5.0,40,51.94,-59.88
30.02,3,3,2.4,40,76.03,-95.0
23.39,2,6,5.0,40,6.26,-95.0
23.61,5,0,5.0,40,52.36,-95.0
14.21,2,1,2.4,20,69.59,-76.08
32.72,0,1,2.4,20,68.67,-85.84
24.12,3,7,5.0,20,33.29,-95.0
25.18,1,0,5.0,40,47.34,-84.64
17.59,6,2,2.4,40,46.23,-95.0
42.42,6,1,2.4,40,99.49,-95.0
2.04,6,2,2.4,40,58.14,-78.79
25.4,6,2,2.4,20,64.6,-95.0
30.61,4,2,5.0,40,12.83,-95.0
29.03,3,2,2.4,20,16.56,-95.0
27.72,3,1,5.0,20,31.16,-95.0
35.55,4,8,2.4,20,26.06,-95.0
38.08,6,0,5.0,40,51.77,-95.0
2.21,4,6,2.4,40,52.92,-80.53
37.66,3,0,2.4,40,46.49,-95.0
28.96,0,5,2.4,20,96.12,-90.97
24.28,3,2,2.4,40,79.79,-95.0
39.23,1,2,2.4,20,74.69,-95.0
25.71,3,1,5.0,40,87.75,-95.0
44.67,4,2,2.4,20,26.75,-95.0
11.55,3,3,5.0,40,69.27,-82.91
7.5,2,7,2.4,20,5.71,-76.81
17.21,5,5,2.4,20,45.8,-95.0
19.93,1,5,2.4,20,66.81,-90.96
1.64,0,1,2.4,20,69.44,-35.72
35.0,0,2,2.4,40,38.56,-95.0
24.56,3,8,5.0,20,75.57,-95.0
8.05,0,5,2.4,40,82.74,-63.55
30.35,4,3,2.4,20,95.0,-95.0
5.76,3,6,5.0,80,57.2,-85.26
26.55,6,7,5.0,40,45.55,-95.0
3.68,1,4,5.0,80,78.28,-61.62
34.44,6,6,2.4,40,12.05,-95.0
7.88,3,7,5.0,80,97.9,-95.0
6.85,4,7,5.0,80,15.17,-86.2
41.65,1,1,2.4,20,12.44,-95.0
44.74,2,7,5.0,20,22.01,-95.0
20.95,5,0,5.0,80,52.87,-95.0
18.28,4,0,2.4,40,43.18,-84.78
38.36,5,2,2.4,20,13.42,-95.0
36.56,0,7,2.4,20,15.45,-95.0
15.63,6,7,2.4,20,28.88,-95.0
41.42,0,0,2.4,20,81.09,-95.0
28.54,4,3,2.4,80,19.19,-95.0
26.2,4,0,2.4,40,49.16,-95.0
16.34,0,6,2.4,20,61.63,-84.82
43.79,5,3,2.4,40,63.83,-95.0
25.33,5,1,5.0,40,42.96,-95.0
44.11,0,1,2.4,40,8.48,-95.0
12.49,1,8,2.4,40,38.67,-82.69
38.98,3,0,2.4,20,68.69,-95.0
3.92,1,2,2.4,20,53.48,-60.19
13.65,2,5,5.0,20,32.92,-91.24
43.1,4,1,2.4,20,18.93,-95.0
5.22,3,5,2.4,40,77.33,-74.86
41.41,5,6,5.0,40,35.85,-95.0
19.59,1,0,2.4,20,0.39,-70.33
31.33,0,5,2.4,40,89.16,-95.0
27.51,5,4,2.4,40,98.1,-95.0
18.26,5,3,2.4,80,70.68,-95.0
17.35,6,3,2.4,40,81.14,-95.0
9.73,0,6,5.0,20,62.29,-77.03
37.95,1,1,2.4,20,4.41,-95.0
35.68,4,1,2.4,80,50.59,-95.0
7.48,5,6,2.4,20,3.14,-89.98
2.42,3,6,2.4,40,24.77,-70.44
24.47,2,6,2.4,20,44.47,-95.0
25.86,0,1,2.4,20,48.55,-81.17
20.9,3,3,5.0,20,81.85,-95.0
16.49,0,0,2.4,40,83.82,-67.19
29.16,0,1,2.4,40,16.7,-79.39
42.25,4,8,2.4,20,83.32,-95.0
19.89,2,3,5.0,80,65.09,-87.29
22.22,4,2,5.0,20,5.43,-95.0
20.94,2,7,2.4,40,3.73,-95.0
21.3,0,1,2.4,20,3.54,-72.06
10.25,4,5,5.0,20,76.98,-94.94
18.14,3,0,5.0,40,50.47,-89.62
15.72,2,8,5.0,80,90.78,-95.0
6.79,0,7,5.0,40,27.89,-75.43
9.99,6,4,2.4,20,72.25,-95.0
31.5,3,7,2.4,40,15.68,-95.0
42.89,6,1,5.0,40,53.15,-95.0
22.5,4,5,2.4,20,86.52,-95.0
27.29,2,1,5.0,40,40.3,-95.0
23.41,3,4,5.0,20,42.74,-95.0
7.64,4,6,5.0,80,88.08,-91.29
13.5,6,5,5.0,40,49.48,-95.0
34.99,4,8,5.0,20,27.36,-95.0
23.35,5,4,2.4,40,52.01,-95.0
39.25,6,3,2.4,20,55.34,-95.0
43.83,2,6,2.4,20,29.61,-95.0
13.82,5,4,5.0,80,65.86,-95.0
8.63,1,7,2.4,20,97.62,-79.44
7.01,3,5,2.4,20,60.11,-78.11
35.9,3,1,2.4,40,16.11,-95.0
1.11,0,4,2.4,40,96.22,-55.61
29.56,0,1,2.4,40,43.4,-82.17
24.51,6,1,2.4,20,87.8,-95.0
16.01,4,4,5.0,40,8.01,-95.0
6.04,1,3,2.4,20,41.12,-57.21
5.8,4,8,2.4,20,50.69,-86.56
38.59,1,5,2.4,80,83.8,-95.0
10.93,0,1,5.0,20,68.37,-61.9
13.99,0,2,2.4,20,66.73,-67.63
21.77,0,6,2.4,40,22.5,-80.35
32.47,4,2,2.4,80,24.95,-95.0
42.97,5,7,2.4,40,99.18,-95.0
6.06,0,0,5.0,20,24.68,-42.91
34.32,0,4,5.0,40,97.4,-95.0
12.2,0,5,2.4,80,26.1,-69.72
38.36,4,1,5.0,20,44.2,-95.0
17.46,1,5,5.0,20,57.93,-87.61
35.01,1,0,5.0,20,58.88,-95.0
35.6,0,1,2.4,40,14.95,-94.36
33.19,6,5,2.4,20,96.9,-95.0
2.96,6,1,2.4,80,30.27,-77.43
23.57,1,0,2.4,80,70.46,-84.31
20.74,3,1,2.4,40,50.57,-90.24
40.26,1,2,5.0,40,25.88,-95.0
2.56,0,5,5.0,20,86.35,-57.22
37.95,6,0,2.4,20,85.41,-95.0
39.52,4,2,2.4,20,11.81,-95.0
20.28,6,6,2.4,40,61.66,-95.0
31.77,0,4,2.4,40,43.31,-91.59
34.34,2,8,5.0,40,60.18,-95.0
8.83,2,4,2.4,20,96.67,-82.7
23.6,4,2,5.0,20,80.33,-95.0
12.76,2,0,2.4,20,11.44,-62.74
8.03,5,6,2.4,80,22.11,-90.21
1.44,3,6,2.4,40,11.16,-64.28
6.52,2,3,5.0,20,26.7,-69.24
13.03,1,0,2.4,20,90.98,-66.03
26.65,2,1,5.0,40,6.05,-93.27
26.49,1,7,2.4,20,70.24,-95.0
17.99,4,0,5.0,20,33.9,-89.73
5.4,0,0,2.4,80,31.14,-45.82
44.53,4,6,2.4,40,37.69,-95.0
43.19,3,7,2.4,20,88.35,-95.0
38.38,6,2,5.0,40,47.7,-95.0
38.17,0,3,2.4,40,43.51,-95.0
7.04,2,3,5.0,20,45.73,-69.51
40.06,3,5,5.0,20,35.28,-95.0
39.98,2,5,2.4,20,5.88,-95.0
37.0,2,4,2.4,20,12.32,-95.0
25.49,6,2,2.4,80,12.24,-95.0
22.74,3,1,2.4,40,15.73,-86.8
38.68,6,2,2.4,40,83.92,-95.0
37.99,3,5,2.4,20,37.9,-95.0
6.69,2,3,2.4,20,27.51,-63.69
26.43,4,7,2.4,80,79.61,-95.0
43.99,0,0,2.4,40,33.19,-95.0
16.93,2,0,2.4,20,9.84,-74.52
24.14,5,4,5.0,20,27.1,-95.0
41.04,3,3,2.4,40,88.52,-95.0
11.71,6,0,2.4,80,67.79,-91.23
29.29,0,7,2.4,40,39.19,-95.0
26.65,6,4,5.0,40,38.52,-95.0
25.11,1,3,5.0,20,38.41,-87.88
3.68,4,5,2.4,20,71.93,-79.35
38.24,2,3,2.4,40,58.18,-95.0
25.44,3,6,2.4,40,15.81,-95.0
30.22,2,4,2.4,80,77.28,-95.0
42.8,4,3,5.0,20,28.58,-95.0
5.66,5,4,2.4,40,19.01,-86.24
43.64,2,5,5.0,20,3.34,-95.0
25.57,5,0,5.0,40,74.47,-95.0
28.21,0,2,5.0,20,16.23,-85.15
28.99,2,8,5.0,40,99.06,-95.0
15.93,1,5,2.4,20,41.75,-77.5
42.95,2,8,2.4,40,40.78,-95.0
15.82,5,2,2.4,20,11.23,-91.01
40.85,2,0,2.4,40,35.45,-95.0
2.91,3,5,2.4,40,56.73,-75.76
16.41,0,2,2.4,20,32.82,-63.22
5.78,6,0,5.0,20,80.18,-88.15
43.11,6,3,2.4,40,62.82,-95.0
15.16,6,0,2.4,20,12.39,-86.38
1.61,6,5,5.0,20,52.71,-91.14
14.96,0,4,5.0,40,80.84,-80.12
17.29,3,6,2.4,40,73.99,-95.0
29.75,0,2,2.4,40,79.1,-88.89
23.38,3,3,2.4,20,91.21,-95.0
43.89,4,2,5.0,40,69.69,-95.0
32.1,0,8,2.4,20,27.08,-95.0
22.74,3,4,2.4,20,77.39,-95.0
32.43,6,6,5.0,40,96.71,-95.0
28.81,2,6,2.4,20,55.0,-95.0
41.0,2,3,2.4,40,39.6,-95.0
25.85,1,4,2.4,40,56.74,-92.83
16.91,4,2,5.0,40,2.71,-90.11
9.66,5,7,5.0,80,96.56,-95.0
34.72,6,2,2.4,40,5.45,-95.0
3.54,6,1,2.4,80,51.86,-82.15
37.89,6,6,2.4,80,74.2,-95.0
40.67,3,5,2.4,80,45.45,-95.0
3.37,1,0,2.4,20,97.65,-50.83
32.6,5,2,5.0,20,2.73,-95.0
25.35,3,8,5.0,20,48.27,-95.0
12.05,4,5,5.0,20,22.89,-88.39
6.45,3,1,2.4,20,73.85,-66.89
41.77,0,5,2.4,20,23.2,-95.0
43.34,1,3,2.4,40,29.17,-95.0
10.73,3,3,2.4,20,38.28,-81.07
7.18,6,5,2.4,20,1.23,-90.08
3.72,2,3,5.0,40,94.74,-74.31
32.14,0,5,2.4,20,52.98,-95.0
21.32,5,2,5.0,20,95.59,-95.0
37.91,2,7,2.4,40,75.67,-95.0
12.95,0,1,2.4,20,57.38,-61.72
34.84,6,6,2.4,20,33.54,-95.0
1.45,5,3,2.4,40,6.23,-71.99
2.97,6,5,2.4,20,14.73,-83.75
26.71,4,6,2.4,40,89.64,-95.0
31.36,6,2,5.0,20,0.68,-95.0
39.21,1,2,5.0,20,45.88,-95.0
14.4,6,4,5.0,20,42.24,-95.0
30.78,3,1,2.4,40,15.62,-95.0
32.37,1,6,2.4,80,72.4,-95.0
34.61,2,6,2.4,40,73.47,-95.0
26.46,6,7,5.0,80,95.45,-95.0
8.28,6,5,2.4,40,79.8,-95.0
19.37,2,6,2.4,40,2.18,-90.3
24.99,1,6,2.4,20,0.57,-91.16
43.81,6,8,2.4,20,43.64,-95.0
16.7,1,0,2.4,20,32.49,-67.68
29.99,2,4,2.4,40,49.27,-95.0
43.06,4,1,5.0,40,69.26,-95.0
1.25,3,8,2.4,20,54.38,-74.97
8.64,2,5,2.4,40,65.87,-79.56
36.87,6,0,5.0,40,27.52,-95.0
10.41,3,1,2.4,20,65.93,-70.58
2.18,1,2,2.4,80,30.3,-45.2
9.66,4,3,2.4,40,36.46,-80.91
22.21,2,7,2.4,20,70.36,-95.0
21.48,4,8,5.0,20,78.68,-95.0
24.53,3,4,5.0,40,53.77,-95.0
20.73,2,8,5.0,20,88.4,-95.0
25.05,1,0,2.4,20,32.04,-79.01
41.17,4,3,5.0,80,2.1,-95.0
32.23,1,6,2.4,40,61.22,-95.0
32.62,0,0,2.4,20,93.25,-89.06
36.09,6,1,2.4,20,36.84,-95.0
37.47,5,1,2.4,80,68.71,-95.0
40.95,2,5,2.4,40,87.9,-95.0
24.38,5,4,2.4,40,12.64,-95.0
18.02,3,2,2.4,40,31.14,-86.88
39.25,0,8,2.4,20,4.75,-95.0
18.29,6,8,5.0,20,96.8,-95.0
13.18,4,3,2.4,80,36.12,-85.04
18.12,6,8,2.4,20,13.21,-95.0
25.06,3,2,5.0,20,31.41,-95.0
15.95,5,4,2.4,20,3.69,-95.0
42.93,4,5,2.4,20,70.84,-95.0
13.15,2,5,2.4,40,89.71,-83.37
9.11,1,0,2.4,40,91.38,-62.93
14.12,0,7,2.4,40,54.84,-78.7
4.49,6,8,2.4,20,35.63,-95.0
42.58,1,0,2.4,40,54.94,-95.0
2.52,3,2,2.4,20,21.61,-63.68
38.64,6,8,2.4,20,99.99,-95.0
24.64,2,2,2.4,40,54.21,-91.61
43.21,5,5,2.4,20,76.5,-95.0
5.19,1,5,5.0,40,20.61,-66.58
21.31,1,0,2.4,20,28.28,-79.35
33.95,3,1,5.0,20,59.94,-95.0
37.63,4,5,5.0,20,0.97,-95.0
4.94,3,3,2.4,80,88.01,-69.99
32.41,5,1,2.4,40,64.23,-95.0
11.56,4,2,2.4,40,95.58,-84.68
33.17,4,7,2.4,40,48.21,-95.0
2.69,4,8,5.0,20,21.28,-84.95
35.38,1,5,2.4,40,35.35,-95.0
18.04,3,4,2.4,20,42.46,-91.34
23.13,1,8,2.4,40,29.36,-95.0
12.63,5,0,2.4,20,94.71,-88.7
40.55,4,6,2.4,40,66.18,-95.0
23.07,3,6,2.4,20,53.25,-95.0
43.44,4,7,2.4,40,60.32,-95.0
3.61,4,6,5.0,40,87.04,-89.78
16.96,4,0,2.4,20,46.21,-85.34
9.33,0,2,5.0,40,38.29,-59.37
5.88,5,0,2.4,20,33.36,-67.44
23.33,2,7,2.4,20,94.65,-95.0
29.53,1,8,2.4,20,53.19,-95.0
5.94,4,0,5.0,40,29.83,-67.82
31.06,6,8,2.4,20,85.42,-95.0
41.22,0,2,2.4,20,29.58,-95.0
2.61,4,5,5.0,80,65.01,-81.8
4.33,1,3,2.4,80,90.27,-63.62
1.8,5,3,2.4,40,16.05,-70.13
25.4,6,3,2.4,80,61.8,-95.0
17.33,4,8,5.0,40,61.62,-95.0
14.17,3,6,2.4,40,99.82,-95.0
23.56,2,5,5.0,80,77.86,-95.0
15.2,5,8,5.0,40,66.79,-95.0
18.74,6,7,2.4,40,72.62,-95.0
15.07,2,6,2.4,20,41.73,-82.61
42.7,3,8,2.4,40,50.89,-95.0
40.02,4,5,2.4,20,49.69,-95.0
26.2,3,3,2.4,80,32.72,-95.0
31.55,0,2,2.4,20,31.71,-91.08
37.07,5,2,2.4,20,21.43,-95.0
35.91,6,6,2.4,40,42.27,-95.0
29.78,4,8,2.4,20,77.16,-95.0
28.83,4,4,5.0,20,93.53,-95.0
21.59,0,4,2.4,80,91.15,-89.09
44.86,4,6,2.4,80,2.38,-95.0
22.88,2,6,2.4,20,3.17,-95.0
18.97,6,2,2.4,40,31.78,-95.0
5.9,1,5,2.4,40,55.25,-65.94
19.81,5,4,2.4,20,37.3,-95.0
20.13,2,7,2.4,20,27.37,-94.11
24.76,1,7,5.0,20,19.61,-95.0
3.5,3,3,5.0,20,11.79,-68.52
27.4,2,1,5.0,20,33.44,-91.39
37.23,3,3,5.0,20,9.19,-95.0
23.34,5,4,5.0,80,78.68,-95.0
24.82,6,5,2.4,40,85.68,-95.0
40.72,4,7,2.4,80,12.04,-95.0
16.31,3,5,2.4,80,25.47,-91.86
28.93,2,0,5.0,20,97.77,-95.0
3.3,1,0,2.4,80,68.41,-52.81
9.82,2,7,2.4,40,76.33,-85.4
23.22,6,2,2.4,80,69.31,-95.0
24.79,6,2,5.0,40,17.68,-95.0
28.93,1,6,2.4,80,37.96,-95.0
9.59,4,7,2.4,20,22.28,-87.22
35.37,4,3,5.0,20,13.29,-95.0
31.86,4,2,2.4,20,55.41,-95.0
43.8,4,4,2.4,40,31.76,-95.0
44.47,4,1,5.0,20,80.44,-95.0
43.55,3,6,2.4,40,60.36,-95.0
12.47,1,6,5.0,20,87.62,-85.22
4.07,3,5,2.4,20,50.72,-71.72
10.46,0,6,2.4,40,58.12,-67.05
12.5,5,7,2.4,20,84.16,-95.0
27.97,6,0,2.4,20,74.63,-95.0
1.76,6,1,2.4,40,3.34,-70.2
12.5,5,0,2.4,20,64.82,-82.65
43.7,3,8,2.4,20,32.94,-95.0
3.63,4,3,2.4,20,70.61,-71.55
24.56,3,8,2.4,20,38.34,-95.0
26.7,1,0,5.0,20,35.9,-83.87
42.59,2,5,5.0,20,61.88,-95.0
23.4,1,3,5.0,20,41.09,-95.0
40.62,5,8,5.0,20,92.98,-95.0
29.67,4,3,5.0,40,84.55,-95.0
9.14,5,3,2.4,40,29.61,-83.55
4.08,5,1,2.4,20,21.47,-68.5
10.45,0,5,2.4,20,68.79,-66.68
27.28,0,2,5.0,20,28.7,-86.35
29.83,4,5,5.0,20,83.77,-95.0
16.84,2,2,2.4,80,14.19,-77.8
31.41,6,6,2.4,40,51.03,-95.0
4.84,2,0,2.4,20,52.49,-55.23
35.32,4,8,5.0,80,90.31,-95.0
18.53,1,8,5.0,80,76.83,-95.0
42.58,4,8,5.0,80,56.12,-95.0
5.13,2,7,2.4,20,13.53,-74.79
11.22,4,8,2.4,80,27.81,-95.0
35.13,0,6,2.4,40,84.01,-95.0
43.5,3,6,5.0,20,0.23,-95.0
34.61,1,6,2.4,40,19.53,-95.0
42.69,0,3,2.4,20,38.7,-95.0
43.33,6,5,2.4,20,56.46,-95.0
1.05,4,7,2.4,20,8.35,-72.41
8.49,0,3,5.0,20,93.12,-62.22
32.47,1,8,2.4,40,39.32,-95.0
40.99,5,6,5.0,40,57.71,-95.0
32.22,3,7,2.4,20,54.41,-95.0
42.33,2,1,2.4,20,12.56,-95.0
19.67,1,4,2.4,20,98.47,-84.28
1.39,5,2,5.0,80,21.05,-79.62
4.38,4,5,2.4,40,93.96,-84.48
21.36,1,0,2.4,20,26.45,-67.02
2.96,0,7,2.4,40,45.21,-58.03
9.76,5,1,5.0,40,69.92,-89.65
12.44,6,7,2.4,40,29.59,-95.0
42.65,1,6,2.4,80,58.24,-95.0
18.47,2,6,2.4,40,71.05,-89.65
42.55,0,3,2.4,40,60.88,-95.0
29.59,6,8,5.0,40,25.84,-95.0
25.37,0,0,5.0,20,28.26,-78.47
13.47,4,3,2.4,40,25.57,-85.14
37.36,6,0,2.4,40,57.41,-95.0
28.45,2,8,5.0,20,24.12,-95.0
18.23,3,4,2.4,20,38.14,-89.32
31.28,3,8,2.4,20,96.47,-95.0
27.06,1,4,2.4,80,62.55,-95.0
24.74,1,3,2.4,40,50.96,-90.05
18.56,0,8,2.4,20,62.4,-89.0
30.41,6,7,2.4,80,90.39,-95.0
28.49,5,1,2.4,20,2.2,-95.0
12.4,4,5,2.4,20,39.78,-94.65
29.05,2,8,2.4,80,66.78,-95.0
11.43,0,0,5.0,40,41.44,-60.41
14.67,6,7,2.4,80,26.8,-95.0
31.72,1,1,5.0,40,23.09,-95.0
41.65,2,5,5.0,20,92.54,-95.0
30.41,5,3,2.4,80,99.46,-95.0
42.53,2,1,2.4,20,39.13,-95.0
18.36,0,1,5.0,40,68.78,-70.8
34.74,4,2,5.0,40,36.67,-95.0
37.41,2,8,5.0,80,93.41,-95.0
33.17,5,3,2.4,20,97.48,-95.0
12.74,4,3,2.4,40,92.57,-93.02
21.79,0,5,2.4,40,10.57,-79.4
18.65,2,8,2.4,20,74.29,-95.0
21.2,5,0,5.0,20,67.36,-95.0
1.11,0,3,5.0,20,21.92,-44.83
34.1,5,1,5.0,40,37.07,-95.0
40.37,2,2,2.4,20,20.47,-95.0
41.42,0,7,2.4,20,3.65,-95.0
3.79,5,8,5.0,20,69.94,-93.87
36.26,5,4,2.4,40,8.03,-95.0
10.36,1,6,5.0,20,40.03,-73.73
8.2,1,5,5.0,20,83.2,-75.71
28.59,5,1,2.4,20,90.39,-95.0
36.53,5,1,2.4,40,67.47,-95.0
40.4,0,1,2.4,80,48.46,-95.0
25.36,6,8,2.4,40,33.43,-95.0
19.57,2,4,2.4,20,63.57,-87.86
32.82,1,7,2.4,20,49.67,-95.0
5.77,5,2,2.4,20,97.34,-76.71
19.89,4,5,5.0,20,44.77,-95.0
3.68,0,4,2.4,40,98.26,-60.26
23.17,4,1,2.4,40,93.24,-95.0
9.31,2,6,5.0,40,68.58,-85.12
29.03,4,2,2.4,40,94.31,-95.0
15.69,0,0,2.4,40,65.58,-65.1
16.08,2,4,5.0,20,96.41,-93.32
1.35,1,0,5.0,40,76.31,-52.16
19.5,2,7,5.0,20,76.41,-95.0
15.15,3,3,5.0,20,43.39,-87.93
5.86,2,7,5.0,20,15.29,-79.08
9.71,3,0,5.0,80,65.57,-74.19
41.45,3,5,5.0,40,65.32,-95.0
18.15,0,4,2.4,20,44.81,-75.48
19.33,5,0,2.4,20,79.36,-92.64
13.33,5,7,2.4,20,82.7,-95.0
35.04,4,7,5.0,20,79.92,-95.0
10.11,3,8,2.4,80,60.51,-93.78
8.02,1,8,2.4,20,1.83,-73.12
8.13,6,5,5.0,20,56.93,-95.0
42.64,3,7,2.4,40,50.06,-95.0
18.34,0,5,5.0,20,55.05,-81.99
28.17,1,3,5.0,20,13.62,-95.0
37.12,1,6,5.0,20,64.21,-95.0
9.66,6,8,5.0,20,11.14,-95.0
5.94,1,2,2.4,20,31.41,-50.41
16.04,3,4,5.0,40,74.36,-93.46
27.78,2,5,5.0,40,79.18,-95.0
30.82,6,6,2.4,80,30.47,-95.0
39.15,1,2,2.4,20,89.81,-95.0
31.55,1,7,2.4,80,80.25,-95.0
42.84,1,4,2.4,20,62.17,-95.0
26.7,0,3,2.4,20,84.84,-93.76
7.17,1,3,2.4,40,52.46,-61.39
39.35,2,4,2.4,40,66.02,-95.0
19.78,0,3,2.4,20,29.9,-76.35
30.14,4,3,2.4,40,26.03,-95.0
7.8,1,6,2.4,20,11.5,-66.96
26.13,2,6,2.4,40,93.61,-95.0
9.63,4,6,2.4,20,30.23,-88.59
19.09,5,7,2.4,40,0.52,-95.0
5.74,0,4,2.4,20,53.71,-56.48
13.52,3,8,2.4,20,32.14,-93.88
31.13,0,2,2.4,40,32.23,-87.08
44.11,2,1,2.4,20,18.68,-95.0
25.81,5,3,2.4,20,99.21,-95.0
4.34,3,5,2.4,40,59.7,-75.21
3.95,0,3,5.0,20,12.73,-50.67
35.21,1,6,5.0,40,13.58,-95.0
35.18,2,7,2.4,20,78.11,-95.0
2.4,0,7,2.4,20,1.14,-55.69
35.88,4,4,2.4,20,16.53,-95.0
13.16,1,4,2.4,20,47.79,-70.27
6.66,3,0,2.4,20,71.88,-64.43
35.63,0,6,2.4,20,19.5,-95.0
24.38,6,0,5.0,20,72.8,-95.0
23.3,3,8,5.0,20,12.59,-95.0
10.83,0,4,2.4,20,76.32,-64.13
24.65,5,3,5.0,40,0.85,-95.0
8.49,5,6,2.4,20,69.41,-95.0
35.26,5,4,5.0,20,78.9,-95.0
7.04,6,2,2.4,20,39.25,-81.81
27.2,0,0,2.4,40,39.85,-79.73
36.11,6,8,2.4,20,10.29,-95.0
30.89,3,6,5.0,20,44.84,-95.0
39.12,0,2,2.4,20,95.83,-95.0
32.97,0,2,2.4,40,32.84,-95.0
39.96,1,7,2.4,40,55.95,-95.0
22.01,4,5,2.4,20,17.77,-95.0
6.62,6,1,5.0,40,2.36,-81.84
41.02,6,7,5.0,80,58.64,-95.0
42.75,2,2,5.0,40,77.58,-95.0
17.9,0,3,2.4,40,87.97,-75.83
32.74,3,8,2.4,80,6.42,-95.0
4.97,4,5,2.4,20,64.81,-76.2
8.66,4,6,2.4,20,14.74,-82.95
35.27,0,5,5.0,40,79.73,-95.0
18.2,1,1,2.4,40,54.71,-74.54
39.81,0,8,2.4,20,21.39,-95.0
38.54,2,5,2.4,20,9.03,-95.0
18.75,3,5,2.4,80,1.63,-93.87
2.0,5,2,5.0,40,17.2,-79.01
32.76,1,8,2.4,20,49.97,-95.0
3.1,1,5,5.0,20,78.36,-63.16
34.09,1,2,2.4,20,23.89,-95.0
15.06,6,1,2.4,80,78.39,-95.0
42.7,5,2,2.4,40,44.29,-95.0
17.22,1,4,2.4,20,43.13,-79.05
24.56,6,1,5.0,40,41.03,-95.0
1.31,0,3,2.4,20,74.87,-44.19
17.72,4,3,2.4,20,14.14,-88.02
36.62,3,8,2.4,20,43.73,-95.0
7.09,0,1,2.4,40,78.59,-55.41
3.34,6,6,2.4,20,29.51,-88.72
15.5,1,8,2.4,20,67.32,-87.48
1.11,4,5,2.4,20,70.63,-76.83
17.22,1,1,2.4,20,91.29,-76.13
39.1,5,3,5.0,20,29.81,-95.0
2.39,1,8,5.0,40,53.25,-70.38
29.1,6,7,2.4,40,28.1,-95.0
2.4,0,3,5.0,20,14.13,-57.54
19.84,5,8,5.0,20,97.3,-95.0
39.44,1,2,2.4,20,0.89,-95.0
6.2,6,4,5.0,20,44.87,-91.71
40.15,0,2,5.0,40,65.06,-95.0
32.29,6,7,2.4,80,90.86,-95.0
32.8,1,4,5.0,40,2.32,-95.0
15.8,3,8,2.4,80,46.24,-95.0
40.63,2,5,2.4,20,11.09,-95.0
17.05,4,5,2.4,20,26.48,-95.0
44.66,4,3,2.4,40,91.96,-95.0
37.79,2,8,2.4,80,3.33,-95.0
38.71,3,8,2.4,40,19.51,-95.0
16.78,2,5,5.0,20,21.62,-87.95
30.21,0,6,5.0,20,81.85,-95.0
2.34,6,3,2.4,20,11.74,-76.13
2.08,0,0,2.4,40,52.66,-42.67
30.14,0,4,2.4,20,22.25,-89.92
21.31,0,3,2.4,80,31.42,-78.14
22.14,1,6,5.0,40,20.15,-93.14
36.69,6,3,5.0,20,49.77,-95.0
20.08,2,7,2.4,40,61.86,-95.0
27.8,1,8,5.0,20,85.99,-95.0
12.32,2,5,2.4,40,9.36,-75.76
19.47,0,5,2.4,40,49.6,-80.65
14.89,6,1,2.4,80,22.78,-95.0
3.19,6,6,2.4,20,36.78,-85.31
16.21,2,3,2.4,80,47.0,-84.42
21.31,1,0,2.4,20,32.54,-69.5
30.86,6,5,2.4,20,61.22,-95.0
14.34,1,1,5.0,20,16.02,-68.94
44.89,0,4,2.4,40,3.62,-95.0
5.39,4,3,5.0,40,98.5,-87.47
27.76,2,6,5.0,20,29.25,-95.0
12.37,4,4,2.4,40,24.53,-88.77
22.96,3,1,5.0,20,35.23,-95.0
38.1,6,5,2.4,20,74.51,-95.0
17.76,4,1,2.4,20,74.4,-86.86
44.68,0,7,2.4,80,32.78,-95.0
31.24,2,0,5.0,80,77.51,-95.0
18.17,6,0,5.0,40,90.93,-95.0
14.43,2,3,5.0,40,96.1,-86.05
22.72,3,0,2.4,20,59.38,-85.17
17.04,2,5,5.0,20,34.29,-92.24
35.23,2,7,2.4,40,90.0,-95.0
19.91,2,8,2.4,40,85.02,-95.0
32.44,1,4,5.0,80,87.25,-95.0
34.3,6,8,2.4,40,4.5,-95.0
3.04,2,2,5.0,80,99.19,-70.59
8.81,1,4,2.4,80,56.05,-69.64
4.5,6,3,5.0,40,8.25,-87.49
18.26,5,0,5.0,40,9.48,-95.0
17.21,0,2,2.4,20,46.54,-72.8
41.83,3,3,2.4,20,56.02,-95.0
26.14,5,1,5.0,80,33.69,-95.0
5.2,0,6,2.4,20,67.82,-59.36
24.33,3,4,2.4,20,60.12,-95.0
17.65,0,5,5.0,40,42.07,-80.91
26.46,4,2,2.4,20,83.61,-95.0
28.73,0,5,2.4,40,69.84,-95.0
35.17,2,4,2.4,40,68.61,-95.0
44.25,0,5,2.4,20,27.93,-95.0
28.75,3,4,5.0,20,70.22,-95.0
34.66,0,6,5.0,20,69.72,-95.0
26.24,6,1,5.0,20,33.56,-95.0
21.44,2,3,2.4,80,47.83,-90.55
40.01,2,7,2.4,20,62.95,-95.0
25.33,0,1,5.0,40,56.5,-80.08
35.51,6,6,5.0,40,52.52,-95.0
32.22,2,5,2.4,20,70.19,-95.0
16.06,4,3,2.4,80,86.02,-95.0
18.67,3,6,2.4,80,5.51,-95.0
26.02,2,1,2.4,40,13.81,-89.99
31.3,2,7,2.4,20,58.58,-95.0
34.96,1,5,2.4,40,51.77,-95.0
25.78,1,8,5.0,20,71.09,-95.0
24.88,4,4,2.4,20,94.22,-95.0
36.25,3,6,2.4,20,20.46,-95.0
26.82,2,8,5.0,20,27.37,-95.0
43.93,1,2,2.4,40,55.62,-95.0
30.5,6,0,2.4,20,36.49,-95.0
25.08,6,6,2.4,40,96.62,-95.0
44.96,0,5,5.0,20,64.31,-95.0
43.08,5,8,2.4,80,88.48,-95.0
4.61,1,1,2.4,20,97.7,-60.14
31.4,5,5,2.4,20,57.93,-95.0
26.1,4,1,5.0,20,59.12,-95.0
12.01,0,7,2.4,80,88.46,-81.23
14.43,6,1,5.0,40,3.18,-95.0
4.78,6,5,2.4,20,81.59,-93.11
24.83,0,5,5.0,20,91.73,-95.0
38.73,2,2,5.0,20,98.61,-95.0
20.46,3,4,2.4,20,67.45,-95.0
24.1,3,1,5.0,20,62.92,-95.0
7.43,0,0,2.4,40,52.15,-50.54
30.7,1,1,2.4,40,65.32,-95.0
11.81,4,7,2.4,40,12.04,-94.39
19.38,1,6,2.4,40,14.49,-87.49
6.28,4,0,5.0,20,22.45,-66.79
36.63,2,7,2.4,40,77.33,-95.0
32.87,3,0,5.0,40,49.33,-95.0
16.22,4,6,2.4,40,19.52,-95.0
18.25,5,1,5.0,40,52.8,-93.21
17.12,4,8,5.0,40,23.44,-95.0
20.26,0,0,2.4,40,72.45,-71.7
33.23,2,8,5.0,40,70.07,-95.0
16.88,1,8,5.0,40,96.87,-93.3
15.15,2,5,2.4,40,80.87,-85.46
14.0,5,6,2.4,80,10.09,-95.0
22.9,3,3,2.4,20,45.77,-95.0
36.24,2,1,5.0,80,81.98,-95.0
3.12,4,8,2.4,20,75.95,-86.79
37.73,3,0,5.0,80,99.58,-95.0
39.31,3,2,5.0,80,53.44,-95.0
5.81,1,5,5.0,20,40.6,-66.58
2.22,6,8,2.4,20,0.55,-85.21
38.98,3,0,2.4,20,18.57,-95.0
3.55,6,4,2.4,20,42.48,-85.45
10.69,2,0,2.4,80,27.98,-65.52
6.59,2,6,5.0,40,61.26,-83.0
18.79,0,7,5.0,20,48.78,-88.62
4.79,4,7,2.4,40,98.82,-92.2
17.33,2,5,5.0,20,25.07,-87.75
42.35,4,2,2.4,80,17.62,-95.0
26.95,4,0,2.4,40,65.95,-95.0
17.88,0,5,2.4,40,79.28,-78.77
40.35,2,7,2.4,80,89.17,-95.0
1.89,6,5,2.4,40,52.46,-87.12
11.77,3,7,2.4,40,29.19,-91.12
24.36,6,2,5.0,40,8.51,-95.0
33.75,0,6,2.4,40,10.76,-94.81
29.93,5,6,5.0,20,51.68,-95.0
10.84,0,4,2.4,20,37.56,-66.12
40.73,4,2,2.4,20,4.5,-95.0
27.76,5,0,2.4,20,40.37,-95.0
27.73,1,6,5.0,20,86.85,-95.0
3.49,0,3,5.0,20,38.16,-53.41
3.44,2,8,2.4,20,0.53,-71.11
39.91,5,7,5.0,40,44.87,-95.0
3.04,5,8,2.4,20,51.52,-87.26
10.88,4,6,5.0,40,0.87,-95.0
21.73,0,7,5.0,40,21.21,-90.54
29.14,3,1,2.4,40,38.98,-95.0
2.59,5,2,5.0,20,15.83,-71.81
5.18,6,5,2.4,40,50.03,-90.05
23.03,2,0,5.0,20,42.35,-87.05
35.59,2,1,5.0,20,82.08,-95.0
11.99,5,1,2.4,40,86.2,-87.15
16.55,6,2,2.4,40,34.59,-95.0
39.1,1,6,5.0,20,91.51,-95.0
23.17,0,0,5.0,40,82.52,-79.76
36.05,2,6,5.0,20,20.21,-95.0
23.06,4,5,5.0,40,78.77,-95.0
38.8,2,0,2.4,80,25.27,-95.0
14.44,2,5,2.4,20,89.13,-82.69
24.5,3,5,2.4,20,97.17,-95.0
2.48,1,7,2.4,20,68.08,-61.75
10.02,1,7,2.4,20,27.28,-74.69
32.07,4,8,2.4,40,57.3,-95.0
2.56,5,7,2.4,40,54.89,-87.61
44.75,2,7,2.4,40,47.66,-95.0
6.91,0,4,2.4,20,45.05,-56.87
43.97,4,0,2.4,20,62.04,-95.0
24.46,6,6,2.4,80,33.67,-95.0
5.87,3,6,5.0,20,12.59,-78.56
1.53,2,8,2.4,40,95.9,-70.89
36.83,4,3,2.4,20,34.67,-95.0
7.16,2,3,2.4,20,16.53,-70.62
22.16,0,6,5.0,20,3.67,-86.38
7.91,2,3,5.0,20,31.89,-76.04
23.4,0,0,2.4,80,10.32,-70.65
35.86,3,2,5.0,20,28.48,-95.0
44.84,4,1,2.4,80,16.19,-95.0
29.62,3,5,5.0,40,11.05,-95.0
40.45,6,5,2.4,40,1.49,-95.0
29.98,0,2,2.4,40,42.83,-87.06
32.04,3,0,2.4,40,41.26,-95.0
8.61,4,0,2.4,40,97.17,-76.47
22.3,6,7,2.4,40,92.43,-95.0
43.24,1,1,2.4,40,90.72,-95.0
36.21,3,1,5.0,40,17.5,-95.0
32.41,2,4,2.4,20,95.73,-95.0
36.61,3,6,5.0,20,49.7,-95.0
5.55,1,1,2.4,80,66.04,-54.65
43.7,6,1,2.4,80,77.1,-95.0
36.49,5,5,2.4,20,94.73,-95.0
16.82,2,3,2.4,20,86.07,-83.4
20.19,4,8,2.4,20,31.24,-95.0
10.88,2,0,2.4,20,30.2,-62.06
42.81,4,1,2.4,80,10.66,-95.0
38.17,2,5,2.4,40,68.13,-95.0
3.04,6,0,5.0,20,13.78,-76.9
41.52,5,0,2.4,20,67.6,-95.0
40.49,2,0,2.4,20,34.01,-95.0
35.79,2,2,5.0,20,56.07,-95.0
24.73,0,0,5.0,80,82.64,-83.28
7.45,2,4,2.4,80,18.94,-67.27
31.22,2,0,5.0,20,66.09,-95.0
27.82,5,1,2.4,20,8.88,-95.0
16.32,2,2,2.4,80,11.88,-78.84
21.74,5,0,5.0,20,68.25,-95.0
36.6,5,5,5.0,20,48.87,-95.0
26.01,0,4,2.4,20,35.85,-86.35
19.36,6,0,2.4,40,56.21,-95.0
1.0,1,0,5.0,40,71.77,-48.76
32.12,5,6,5.0,40,7.4,-95.0
16.89,3,4,5.0,20,27.51,-92.19
11.97,4,7,2.4,20,40.11,-92.34
1.15,1,2,2.4,20,78.56,-48.54
18.11,5,0,5.0,40,98.22,-95.0
14.9,2,6,2.4,80,41.08,-87.61
41.22,4,7,5.0,20,24.33,-95.0
19.67,0,4,2.4,40,22.32,-78.17
38.48,5,5,2.4,20,13.43,-95.0
21.64,3,0,5.0,40,84.42,-91.85
43.04,4,1,2.4,80,89.17,-95.0
6.53,1,2,5.0,40,34.77,-64.07
30.29,3,6,2.4,40,98.74,-95.0
27.88,6,4,5.0,40,50.79,-95.0
31.94,1,1,2.4,20,57.24,-95.0
32.34,0,7,2.4,40,97.43,-95.0
36.52,5,4,2.4,40,21.81,-95.0
11.38,2,1,2.4,80,38.79,-69.85
25.45,4,0,2.4,80,60.42,-95.0
14.65,1,6,5.0,80,1.82,-88.89
18.23,6,7,2.4,40,35.94,-95.0
12.62,2,4,2.4,40,47.16,-79.5
22.35,2,5,5.0,40,82.33,-95.0
9.5,5,6,2.4,20,79.22,-94.85
22.91,0,8,2.4,20,11.14,-93.21
32.94,6,6,2.4,20,52.17,-95.0
31.0,3,5,2.4,40,76.34,-95.0
28.96,5,5,2.4,20,68.32,-95.0
26.36,2,5,2.4,20,5.42,-95.0
40.61,4,7,5.0,20,50.6,-95.0
10.24,0,1,5.0,40,64.72,-62.35
23.3,5,0,2.4,40,30.97,-95.0
21.75,4,0,2.4,40,17.15,-94.16
19.65,4,2,2.4,20,11.15,-92.11
19.74,6,5,2.4,40,28.28,-95.0
14.1,3,8,2.4,80,91.8,-95.0
14.38,3,3,5.0,40,54.48,-90.8
38.31,6,0,2.4,20,47.58,-95.0
35.76,2,1,2.4,40,52.71,-95.0
18.43,5,5,5.0,40,1.62,-95.0
12.04,3,7,2.4,20,46.79,-89.73
11.38,2,5,5.0,40,39.77,-81.04
22.29,3,3,2.4,80,97.41,-95.0
36.01,5,5,2.4,40,12.86,-95.0
44.71,1,5,2.4,20,95.01,-95.0
40.62,5,7,2.4,40,66.05,-95.0
17.1,4,0,2.4,40,77.51,-87.86
26.68,6,0,2.4,40,54.94,-95.0
8.16,0,3,5.0,20,6.15,-59.03
27.16,3,8,5.0,40,1.92,-95.0
40.43,2,3,5.0,40,10.95,-95.0
31.61,6,0,2.4,40,15.71,-95.0
31.36,1,6,2.4,80,92.53,-95.0
8.05,6,6,2.4,40,58.71,-95.0
25.48,3,4,5.0,20,92.82,-95.0
34.84,4,8,2.4,20,80.47,-95.0
15.8,6,4,5.0,20,62.9,-95.0
8.67,5,7,2.4,80,56.89,-95.0
19.63,2,3,5.0,40,77.37,-91.37
12.5,5,0,5.0,20,50.92,-91.8
19.97,1,6,2.4,80,13.89,-89.72
3.78,1,7,2.4,20,80.22,-73.8
11.02,2,4,2.4,80,73.1,-78.99
39.48,2,7,2.4,20,37.34,-95.0
42.76,6,6,2.4,20,87.98,-95.0
26.7,0,3,2.4,40,95.96,-91.87
22.39,4,3,5.0,40,49.66,-95.0
11.43,5,0,5.0,40,16.49,-86.42
44.56,1,5,2.4,20,96.9,-95.0
25.1,6,2,5.0,40,78.61,-95.0
29.02,1,2,2.4,40,26.53,-95.0
32.89,2,3,5.0,20,33.57,-95.0
31.71,0,6,2.4,20,13.2,-95.0
44.66,1,7,2.4,40,29.5,-95.0
8.91,4,0,2.4,40,29.28,-70.83
42.75,1,5,2.4,40,9.71,-95.0
22.95,3,7,5.0,40,69.79,-95.0
37.43,4,7,2.4,80,87.48,-95.0
4.05,4,2,5.0,20,46.98,-71.76
39.65,0,7,5.0,20,14.22,-95.0
8.98,0,5,5.0,40,64.56,-72.0
37.54,6,3,2.4,20,61.47,-95.0
23.34,4,6,2.4,40,17.34,-95.0
2.53,6,1,5.0,80,71.98,-81.67
35.19,0,8,2.4,20,70.94,-95.0
12.35,3,4,2.4,20,72.14,-84.09
42.41,6,7,2.4,40,77.29,-95.0
22.86,2,7,2.4,20,31.29,-95.0
30.97,3,1,2.4,20,83.97,-95.0
41.91,2,8,2.4,40,21.46,-95.0
28.97,0,2,2.4,20,80.07,-84.93
2.47,3,2,2.4,40,14.95,-63.96
39.97,0,4,5.0,20,46.5,-95.0
12.41,6,2,5.0,80,73.78,-95.0
2.33,5,1,5.0,40,52.31,-74.55
7.45,2,5,2.4,20,94.01,-79.19
5.48,5,2,2.4,20,55.01,-75.58
13.8,2,2,2.4,80,38.89,-79.24
14.27,0,6,2.4,20,74.43,-77.84
12.66,4,3,5.0,20,18.31,-90.21
13.41,1,5,5.0,40,61.12,-81.21
34.46,3,0,2.4,40,32.96,-95.0
16.18,0,6,2.4,40,77.55,-80.31
11.75,5,7,2.4,80,70.66,-95.0
36.17,3,4,2.4,20,60.66,-95.0
40.42,1,2,2.4,40,67.48,-95.0
18.2,3,6,2.4,20,54.58,-95.0
2.46,0,0,5.0,80,45.47,-45.64
37.0,3,2,5.0,40,23.26,-95.0
15.76,0,7,2.4,80,76.73,-80.52
40.38,6,2,2.4,40,37.74,-95.0
13.83,0,2,5.0,20,68.35,-65.79
14.16,2,6,2.4,20,16.19,-84.19
18.73,2,4,2.4,20,67.75,-88.98
36.62,6,8,5.0,40,65.7,-95.0
42.0,0,8,2.4,40,80.28,-95.0
24.19,5,5,5.0,20,29.56,-95.0
25.54,4,8,5.0,20,25.79,-95.0
32.9,0,4,2.4,20,78.51,-94.51
17.58,1,8,5.0,80,47.44,-95.0
42.24,2,8,5.0,40,46.24,-95.0
17.87,6,8,2.4,40,92.3,-95.0
42.7,4,4,2.4,80,21.82,-95.0
43.38,2,6,2.4,20,51.32,-95.0
27.53,2,3,2.4,80,91.28,-95.0
27.75,3,2,2.4,20,53.15,-95.0
15.86,6,2,2.4,20,71.15,-95.0
6.19,3,8,2.4,80,60.92,-81.54
25.68,3,1,5.0,40,34.97,-95.0
24.89,1,8,5.0,20,87.93,-95.0
33.65,2,1,5.0,40,33.88,-95.0
25.88,4,7,5.0,20,97.5,-95.0
23.74,6,3,2.4,40,43.08,-95.0
43.46,5,6,2.4,40,2.04,-95.0
22.72,0,8,2.4,20,99.51,-95.0
38.98,1,8,2.4,20,55.29,-95.0
43.45,2,2,5.0,20,61.1,-95.0
40.01,4,4,2.4,20,13.34,-95.0
39.37,2,3,2.4,40,21.56,-95.0
42.18,3,0,2.4,40,23.03,-95.0
10.76,0,3,5.0,20,41.78,-65.52
43.42,2,1,5.0,20,95.65,-95.0
4.65,5,4,2.4,40,65.73,-82.31
9.51,4,6,2.4,80,73.18,-94.13
39.15,3,5,2.4,20,67.81,-95.0
36.91,2,0,5.0,20,43.26,-95.0
5.15,6,6,2.4,80,17.27,-92.0
20.81,5,3,2.4,20,52.0,-95.0
19.7,2,5,2.4,20,36.31,-88.96
30.43,4,8,2.4,40,7.72,-95.0
14.87,1,3,2.4,20,79.0,-78.64
13.44,3,1,5.0,40,92.99,-81.04
40.88,2,4,2.4,20,29.25,-95.0
2.13,5,1,5.0,20,4.83,-67.0
31.39,4,1,2.4,20,75.09,-95.0
2.56,5,8,5.0,20,26.53,-89.7
32.66,2,2,5.0,40,58.84,-95.0
39.88,0,6,5.0,20,70.86,-95.0
43.09,6,5,2.4,20,70.13,-95.0
27.39,1,2,2.4,40,86.46,-91.5
18.49,1,8,2.4,20,35.37,-89.47
6.16,5,5,2.4,40,61.08,-89.34
8.68,3,1,2.4,40,12.01,-67.27
8.85,2,1,2.4,40,64.55,-71.01
6.66,1,5,5.0,20,7.97,-68.76
5.03,2,7,2.4,40,76.87,-84.21
29.56,5,0,2.4,20,24.83,-95.0
32.57,1,6,5.0,20,99.39,-95.0
37.33,3,6,2.4,20,75.71,-95.0
7.04,0,7,2.4,40,64.51,-70.67
21.38,6,2,2.4,20,52.87,-95.0
35.34,2,2,2.4,20,5.05,-95.0
16.56,0,4,2.4,40,87.84,-78.27
13.62,5,0,2.4,40,68.37,-88.36
9.16,2,2,2.4,80,20.38,-67.85
16.53,5,1,2.4,20,30.64,-86.99
27.59,3,4,2.4,80,28.47,-95.0
41.99,6,3,2.4,40,36.13,-95.0
25.27,6,4,5.0,40,87.61,-95.0
29.26,1,4,5.0,80,84.89,-95.0
26.41,3,2,5.0,20,22.74,-95.0
26.79,6,5,2.4,20,22.23,-95.0
1.62,1,6,2.4,20,33.49,-59.07
38.83,4,1,2.4,40,4.42,-95.0
43.32,6,5,5.0,20,41.5,-95.0
2.56,0,2,2.4,40,21.76,-41.07
8.97,0,2,2.4,40,51.66,-52.43
3.52,3,3,5.0,20,41.84,-71.45
7.45,0,4,2.4,40,92.27,-59.49
5.72,6,7,2.4,80,30.61,-95.0
41.63,3,1,5.0,40,81.29,-95.0
20.1,5,1,5.0,20,6.55,-95.0
14.23,0,5,2.4,40,19.25,-68.88
24.47,2,3,2.4,20,70.61,-95.0
13.85,5,3,2.4,40,42.79,-95.0
30.91,6,7,5.0,20,97.79,-95.0
26.2,5,1,2.4,40,41.62,-95.0
17.39,2,4,2.4,20,7.56,-78.35
25.44,0,8,5.0,40,50.91,-95.0
42.45,6,6,2.4,40,12.04,-95.0
31.49,2,7,2.4,20,88.65,-95.0
2.54,3,6,5.0,40,53.99,-83.11
11.49,2,6,5.0,20,27.38,-85.09
3.23,2,2,2.4,40,25.59,-54.91
24.9,2,7,5.0,20,8.83,-95.0
10.81,4,0,5.0,20,49.27,-80.82
29.72,4,2,5.0,40,43.23,-95.0
36.9,2,6,2.4,20,3.89,-95.0
3.37,2,0,2.4,80,79.82,-59.54
28.45,3,5,2.4,40,28.0,-95.0
43.01,6,7,2.4,40,10.41,-95.0
2.24,6,1,5.0,20,1.59,-82.66
24.47,3,3,2.4,40,47.02,-95.0
39.97,1,2,2.4,20,85.98,-95.0
12.94,2,8,2.4,20,26.55,-89.04
44.39,4,3,2.4,40,40.48,-95.0
38.88,4,0,5.0,40,7.58,-95.0
34.92,3,5,2.4,20,5.95,-95.0
5.64,1,2,2.4,20,78.98,-55.45
38.05,4,0,2.4,40,36.32,-95.0
26.93,4,3,2.4,40,13.36,-95.0
26.36,6,1,5.0,20,20.41,-95.0
32.66,6,5,5.0,40,44.15,-95.0
7.75,4,3,2.4,40,44.21,-74.86
37.63,1,8,2.4,80,80.61,-95.0
15.7,6,1,5.0,40,49.49,-95.0
15.67,6,3,5.0,80,77.64,-95.0
5.96,5,1,2.4,20,90.1,-76.68
19.34,6,2,2.4,20,71.38,-95.0
38.35,6,1,2.4,80,19.02,-95.0
29.09,0,3,2.4,20,7.92,-85.54
11.16,5,6,5.0,20,33.7,-95.0
13.61,4,2,5.0,20,49.56,-87.63
37.18,1,2,2.4,80,32.01,-95.0
30.83,0,4,2.4,20,48.7,-94.7
35.03,2,6,5.0,80,72.79,-95.0
18.83,1,5,2.4,20,58.29,-80.66
15.91,2,7,2.4,40,56.29,-94.7
10.38,1,5,2.4,40,14.57,-73.14
34.97,0,3,2.4,20,72.12,-95.0
31.89,4,8,2.4,40,44.15,-95.0
21.89,2,6,2.4,20,29.64,-92.54
23.31,5,3,2.4,20,86.78,-95.0
38.14,2,7,2.4,20,59.6,-95.0
9.92,0,6,2.4,20,30.68,-68.5
33.21,6,4,5.0,40,38.98,-95.0
10.07,6,4,2.4,20,52.04,-93.37
21.35,5,5,2.4,20,9.53,-95.0
38.08,5,7,2.4,40,57.74,-95.0
5.16,0,4,2.4,20,4.7,-52.93
20.96,6,6,5.0,20,85.8,-95.0
43.43,3,1,5.0,80,82.27,-95.0
16.9,1,6,2.4,20,99.31,-88.59
19.18,1,8,2.4,20,31.0,-90.97
38.83,0,1,2.4,40,66.88,-95.0
43.22,2,3,2.4,40,42.94,-95.0
4.05,6,1,5.0,20,59.01,-83.88
1.52,4,2,2.4,40,34.16,-65.76
10.96,3,0,2.4,20,36.17,-70.05
2.97,0,4,2.4,40,63.87,-53.79
28.8,4,2,5.0,20,71.62,-95.0
29.7,5,1,5.0,40,48.94,-95.0
8.33,3,2,5.0,20,70.27,-73.7
30.66,2,6,2.4,40,19.78,-95.0
43.43,6,4,5.0,80,48.62,-95.0
29.33,1,2,2.4,20,78.72,-90.57
35.52,2,5,5.0,20,47.0,-95.0
11.85,4,0,2.4,20,58.02,-74.62
12.75,4,7,2.4,80,63.5,-95.0
41.19,1,7,2.4,40,45.29,-95.0
34.85,2,4,2.4,20,12.62,-95.0
17.18,5,8,2.4,20,22.3,-95.0
28.15,5,4,5.0,80,83.74,-95.0
17.11,5,5,2.4,40,17.18,-95.0
2.7,1,5,5.0,20,51.08,-64.31
35.86,1,0,2.4,40,59.16,-95.0
27.06,4,8,2.4,20,97.77,-95.0
36.02,0,0,2.4,20,59.89,-91.48
2.45,4,1,2.4,20,38.32,-67.26
5.45,4,3,2.4,20,27.85,-76.01
28.19,6,7,2.4,40,89.36,-95.0
41.48,1,2,5.0,40,79.48,-95.0
44.26,4,3,5.0,40,73.21,-95.0
9.39,6,3,2.4,40,71.62,-95.0
35.69,1,5,2.4,40,88.71,-95.0
40.41,6,8,2.4,40,54.0,-95.0
11.55,2,2,2.4,40,14.21,-65.43
24.03,3,3,5.0,20,8.28,-95.0
34.28,0,1,5.0,20,48.9,-95.0
34.17,5,2,2.4,20,72.06,-95.0
23.8,1,2,5.0,20,94.08,-89.17
5.57,6,2,2.4,20,25.03,-80.42
23.75,1,2,2.4,20,17.87,-79.67
5.77,3,1,5.0,40,92.11,-73.75
38.71,4,3,2.4,40,5.97,-95.0
37.05,2,5,2.4,20,7.51,-95.0
8.69,2,2,2.4,80,76.37,-73.79
43.04,1,0,5.0,20,39.11,-95.0
44.95,0,8,2.4,20,27.68,-95.0
15.2,5,0,5.0,40,90.43,-95.0
16.17,6,4,2.4,40,77.0,-95.0
15.01,5,7,2.4,40,72.24,-95.0
4.06,4,7,5.0,20,12.12,-87.0
27.6,5,3,2.4,40,50.45,-95.0
4.94,1,3,5.0,40,35.82,-60.64
18.1,3,4,2.4,40,70.03,-92.14
15.31,1,3,2.4,80,8.61,-70.58
32.03,5,1,2.4,20,55.66,-95.0
19.91,1,8,2.4,20,90.2,-95.0
15.24,0,6,5.0,40,62.85,-82.26
4.21,4,5,2.4,20,29.28,-75.46
22.8,1,3,2.4,20,86.56,-91.11
7.43,6,3,2.4,40,60.89,-91.27
31.71,0,0,2.4,20,45.46,-83.46
33.31,2,1,2.4,20,38.19,-95.0
4.15,4,3,2.4,40,19.92,-68.12
44.9,1,7,2.4,40,8.31,-95.0
23.7,0,1,2.4,40,87.02,-78.74
22.13,2,6,5.0,40,38.44,-95.0
38.72,0,1,2.4,20,40.89,-95.0
9.67,1,4,2.4,80,82.0,-72.9
32.05,4,0,5.0,40,12.0,-95.0
1.99,0,5,2.4,40,7.04,-44.12
21.52,5,8,2.4,40,51.86,-95.0
13.7,1,4,5.0,20,43.94,-78.78
15.63,3,3,2.4,40,93.04,-88.99
28.44,6,3,2.4,20,14.74,-95.0
29.78,2,1,2.4,20,24.9,-94.82
7.43,4,2,2.4,40,85.28,-78.71
28.64,3,8,2.4,40,41.16,-95.0
15.6,2,1,5.0,20,67.47,-78.36
22.89,1,0,2.4,20,98.55,-82.16
32.74,2,4,5.0,40,6.64,-95.0
1.57,5,4,5.0,40,50.02,-84.55
8.58,4,0,5.0,80,68.3,-78.18
43.67,0,6,5.0,20,51.31,-95.0
38.85,2,5,2.4,40,52.82,-95.0
4.76,6,1,5.0,20,5.23,-79.31
31.98,5,0,2.4,40,41.76,-95.0
21.19,2,1,5.0,20,50.73,-88.72
3.05,0,1,5.0,20,27.84,-47.06
33.36,2,4,5.0,40,53.14,-95.0
2.78,6,8,5.0,20,62.83,-95.0
25.09,1,6,5.0,20,69.35,-95.0
10.73,6,5,5.0,40,99.99,-95.0
9.9,3,1,2.4,20,87.85,-76.72
30.41,0,3,2.4,40,65.55,-91.07
41.22,6,4,2.4,20,67.47,-95.0
38.13,5,4,2.4,80,46.29,-95.0
5.56,5,3,2.4,20,58.78,-80.03
10.84,5,5,2.4,40,69.05,-93.56
4.85,1,4,2.4,40,72.62,-58.02
20.72,6,8,2.4,80,80.01,-95.0
7.73,3,1,5.0,20,87.41,-75.33
21.32,5,5,2.4,20,93.85,-95.0
41.55,2,8,2.4,40,17.18,-95.0
44.54,1,8,5.0,20,54.23,-95.0
40.57,5,1,2.4,20,18.19,-95.0
4.41,3,7,5.0,20,78.33,-86.81
35.12,6,2,2.4,20,18.77,-95.0
34.04,3,6,2.4,40,76.38,-95.0
4.16,1,3,2.4,20,9.38,-49.21
30.56,0,7,5.0,20,93.49,-95.0
24.22,6,1,2.4,40,68.33,-95.0
41.26,6,8,2.4,80,91.14,-95.0
29.06,4,1,2.4,20,48.31,-95.0
11.38,5,0,5.0,80,99.78,-90.47
12.45,0,7,2.4,80,71.48,-78.08
5.25,5,0,2.4,20,84.27,-74.74
20.0,5,2,2.4,20,66.7,-95.0
36.64,6,4,2.4,40,69.1,-95.0
24.24,6,7,2.4,20,79.62,-95.0
36.56,5,3,2.4,20,84.3,-95.0
13.67,1,1,2.4,20,73.31,-71.38
10.51,5,0,2.4,40,65.35,-84.88
43.51,2,4,5.0,40,8.42,-95.0
26.71,6,5,2.4,20,88.06,-95.0
1.01,6,2,2.4,40,64.33,-74.51
21.04,2,3,2.4,20,73.61,-91.36
11.68,2,7,2.4,20,70.43,-85.77
38.6,1,6,2.4,20,25.8,-95.0
23.41,3,6,2.4,20,10.37,-95.0
18.63,6,4,5.0,20,66.61,-95.0
32.41,3,0,5.0,20,18.03,-95.0
17.52,0,4,2.4,80,29.07,-71.62
38.59,2,5,2.4,40,8.3,-95.0
19.98,2,6,5.0,20,8.15,-95.0
24.5,0,3,2.4,40,93.66,-85.63
4.63,2,2,2.4,20,26.9,-53.98
33.83,1,8,2.4,20,42.06,-95.0
44.56,6,4,5.0,80,62.91,-95.0
27.73,3,3,2.4,80,27.86,-95.0
8.03,1,1,2.4,40,63.65,-63.54
3.62,2,4,2.4,40,64.03,-59.4
35.45,5,3,2.4,40,95.69,-95.0
29.52,5,3,5.0,80,91.92,-95.0
9.98,6,6,2.4,80,31.38,-95.0
31.09,6,1,2.4,40,15.85,-95.0
25.51,5,4,2.4,80,72.22,-95.0
34.82,2,5,5.0,40,52.0,-95.0
13.4,0,6,2.4,40,95.27,-81.57
5.28,4,5,2.4,40,52.57,-84.77
26.06,4,4,2.4,20,41.53,-95.0
6.96,4,2,2.4,20,13.35,-70.6
5.55,2,5,2.4,20,20.0,-67.59
42.72,2,1,5.0,20,55.78,-95.0
9.77,4,4,2.4,40,41.66,-84.92
13.06,3,8,2.4,40,30.78,-92.13
5.13,0,5,2.4,40,97.94,-60.29
2.54,6,1,2.4,20,74.47,-78.81
7.42,5,5,2.4,40,93.38,-91.27
23.55,0,7,5.0,40,77.26,-95.0
24.59,3,6,5.0,40,38.21,-95.0
11.39,2,1,2.4,20,66.32,-74.62
29.89,2,4,2.4,20,52.17,-95.0
18.52,4,2,2.4,20,2.51,-85.91
5.24,6,1,5.0,40,43.61,-84.63
42.14,4,0,2.4,80,78.06,-95.0
14.81,1,8,2.4,40,88.27,-89.48
10.05,4,5,5.0,20,85.09,-95.0
18.87,1,3,5.0,20,57.43,-85.46
41.86,0,7,2.4,20,38.15,-95.0
36.96,3,5,2.4,40,45.79,-95.0
5.73,4,2,2.4,20,55.01,-73.09
31.6,1,0,2.4,20,33.05,-88.25
21.64,4,6,2.4,40,58.42,-95.0
27.38,4,3,5.0,40,77.82,-95.0
29.77,5,1,2.4,20,19.36,-95.0
39.47,0,0,2.4,40,93.24,-95.0
5.53,4,1,2.4,20,92.83,-75.12
42.74,5,2,5.0,40,3.56,-95.0
10.1,3,3,5.0,40,29.34,-81.36
9.46,4,2,2.4,40,65.69,-77.35
39.35,6,1,5.0,20,37.37,-95.0
3.18,2,1,2.4,20,93.41,-55.68
23.05,1,8,2.4,20,92.98,-95.0
8.9,3,4,2.4,40,4.2,-68.75
32.27,1,8,2.4,20,93.24,-95.0
2.67,1,0,5.0,40,56.54,-51.97
11.61,1,1,2.4,80,26.53,-63.08
7.7,3,1,5.0,20,2.43,-67.18
16.95,2,3,5.0,20,65.03,-84.36
5.59,3,6,2.4,80,91.9,-76.77
15.18,2,2,5.0,20,70.77,-85.64
13.22,0,1,2.4,40,27.02,-60.64
35.78,2,3,2.4,40,78.59,-95.0
7.49,0,8,5.0,40,31.31,-73.23
23.33,1,2,2.4,80,15.3,-79.8
23.17,4,7,2.4,40,55.66,-95.0
8.89,1,1,5.0,20,63.47,-62.51
4.39,4,5,2.4,40,47.37,-81.58
44.66,0,2,2.4,20,76.33,-95.0
30.78,0,4,2.4,40,51.41,-95.0
12.75,5,4,2.4,40,38.89,-94.32
11.56,5,4,5.0,20,26.44,-93.44
43.58,5,7,2.4,40,79.19,-95.0
22.51,4,6,2.4,20,5.61,-95.0
3.73,2,3,5.0,40,3.41,-61.85
30.47,5,4,2.4,40,21.65,-95.0
33.98,6,5,2.4,40,91.14,-95.0
28.62,5,1,2.4,20,39.0,-95.0
36.32,2,3,5.0,20,83.97,-95.0
17.97,0,6,5.0,20,42.54,-81.59
26.75,1,3,5.0,20,45.3,-91.14
44.42,2,2,2.4,20,68.94,-95.0
18.1,2,1,5.0,20,60.77,-80.42
5.75,4,0,2.4,20,24.46,-62.94
1.28,2,3,2.4,20,0.45,-54.75
41.98,5,5,2.4,80,97.56,-95.0
5.75,6,6,5.0,40,62.42,-95.0
44.03,2,0,2.4,40,14.51,-95.0
13.39,3,2,2.4,40,40.12,-79.78
14.4,6,8,2.4,80,35.0,-95.0
35.38,5,7,2.4,40,66.1,-95.0
25.31,6,2,2.4,80,49.17,-95.0
32.81,6,8,2.4,20,28.18,-95.0
22.39,1,6,2.4,20,86.24,-95.0
16.44,3,6,2.4,40,39.01,-95.0
3.54,4,1,5.0,20,3.51,-66.52
19.11,0,6,2.4,40,85.81,-81.93
36.22,4,1,2.4,20,5.25,-95.0
5.61,3,7,2.4,80,53.8,-82.18
9.12,3,4,2.4,80,93.39,-86.08
28.29,6,5,2.4,20,65.4,-95.0
16.19,6,4,2.4,80,10.95,-95.0
14.13,4,7,5.0,20,18.36,-95.0
18.77,4,0,5.0,20,51.05,-95.0
33.45,2,6,2.4,40,90.91,-95.0
19.26,3,3,5.0,20,2.28,-88.16
37.42,0,1,2.4,40,18.42,-95.0
21.54,4,2,5.0,20,84.99,-95.0
6.68,0,1,2.4,20,23.46,-46.16
21.39,1,8,2.4,20,59.6,-95.0
9.14,5,0,2.4,40,28.22,-79.34
9.06,0,3,2.4,40,87.06,-56.75
1.44,2,3,5.0,20,53.36,-62.87
19.16,2,3,2.4,80,53.65,-88.33
32.98,5,3,2.4,20,82.86,-95.0
42.2,4,5,2.4,40,55.45,-95.0
29.82,1,1,2.4,20,63.7,-93.84
8.91,0,6,2.4,40,67.26,-69.69
33.95,6,1,2.4,40,23.6,-95.0
6.77,2,2,5.0,20,29.85,-64.62
43.39,0,2,5.0,20,76.15,-95.0
18.89,0,2,5.0,20,46.49,-74.07
3.06,4,8,2.4,20,22.55,-85.22
9.73,0,4,2.4,20,42.7,-62.61
14.24,4,5,5.0,20,61.99,-95.0
24.31,5,8,2.4,40,31.1,-95.0
44.88,2,2,5.0,40,90.39,-95.0
25.98,6,8,5.0,40,65.49,-95.0
1.49,6,2,2.4,20,51.4,-77.87
29.85,3,8,5.0,80,62.02,-95.0
42.51,6,1,2.4,20,57.36,-95.0
1.58,4,7,2.4,20,32.21,-76.03
34.46,4,0,2.4,20,77.83,-95.0
30.02,0,5,5.0,20,6.65,-95.0
12.46,6,4,2.4,20,48.63,-95.0
5.97,6,7,5.0,20,11.58,-95.0
3.72,5,0,2.4,40,82.82,-72.12
28.05,6,6,5.0,80,73.23,-95.0
36.38,1,5,2.4,20,41.9,-95.0
8.45,5,0,2.4,80,37.89,-80.7
18.75,2,2,5.0,40,2.73,-84.3
2.59,5,6,5.0,80,20.57,-90.59
35.89,3,7,2.4,20,22.15,-95.0
30.0,1,3,2.4,40,49.57,-95.0
35.91,1,7,5.0,20,6.5,-95.0
7.08,3,3,2.4,20,22.53,-65.54
16.88,0,6,2.4,20,17.43,-74.28
6.11,2,1,5.0,20,73.71,-67.36
11.34,6,2,5.0,20,24.38,-95.0
17.97,5,7,5.0,40,45.17,-95.0
43.83,1,4,2.4,80,96.09,-95.0
16.32,3,6,5.0,20,33.08,-95.0
15.37,4,1,5.0,20,39.83,-88.3
13.97,0,8,2.4,80,6.21,-75.8
28.8,1,3,2.4,20,56.9,-94.44
36.03,6,5,2.4,20,49.98,-95.0
12.69,2,6,2.4,20,73.75,-86.49
11.8,4,5,5.0,20,12.66,-89.55
27.08,0,4,2.4,40,94.95,-95.0
8.18,5,2,2.4,20,87.26,-85.29
7.55,0,4,5.0,20,77.79,-67.86
18.66,1,5,2.4,20,42.61,-84.2
32.11,6,7,2.4,40,23.21,-95.0
30.2,1,1,5.0,20,81.85,-95.0
17.23,2,6,2.4,20,85.04,-95.0
5.52,0,3,2.4,40,83.56,-57.42
10.84,6,2,2.4,40,10.59,-93.6
27.27,0,7,2.4,20,90.96,-95.0
21.14,1,6,5.0,20,90.15,-95.0
44.02,3,1,2.4,20,80.37,-95.0
14.07,0,2,2.4,20,78.74,-63.13
43.58,5,8,2.4,40,99.29,-95.0
32.47,0,0,2.4,40,37.64,-87.82
33.52,2,3,2.4,20,87.1,-95.0
3.76,2,8,5.0,40,82.91,-80.96
44.35,6,7,2.4,20,27.57,-95.0
29.13,4,4,5.0,20,78.37,-95.0
23.8,5,0,5.0,40,12.49,-95.0
21.55,6,2,5.0,20,62.19,-95.0
3.32,6,3,2.4,20,65.5,-83.74
43.64,6,3,2.4,80,48.67,-95.0
31.62,6,7,2.4,20,99.37,-95.0
32.16,2,5,2.4,40,99.25,-95.0
28.04,6,6,2.4,80,45.7,-95.0
38.59,1,8,2.4,40,21.5,-95.0
12.47,2,7,2.4,20,73.9,-88.07
7.53,0,2,5.0,40,76.09,-66.41
21.16,3,7,2.4,20,38.18,-95.0
9.16,4,8,2.4,40,12.11,-95.0
25.43,6,8,2.4,40,30.42,-95.0
41.79,2,5,5.0,80,92.54,-95.0
9.62,2,4,5.0,20,33.09,-79.05
3.83,0,1,2.4,20,72.22,-51.19
8.42,6,4,2.4,20,31.55,-91.1
31.29,0,0,2.4,20,33.14,-81.64
16.27,3,2,2.4,80,30.56,-76.2
23.95,5,1,5.0,20,46.46,-95.0
7.99,5,1,2.4,80,38.58,-78.22
7.7,0,5,2.4,40,8.87,-58.48
11.45,1,6,5.0,40,99.24,-90.0
30.51,5,0,5.0,40,42.13,-95.0
34.35,2,7,5.0,40,37.11,-95.0
28.9,6,4,2.4,40,71.31,-95.0
39.52,1,7,2.4,20,57.67,-95.0
24.03,3,8,2.4,20,86.58,-95.0
19.74,5,1,2.4,20,51.96,-95.0
14.76,2,5,2.4,40,37.73,-80.18
16.47,6,8,2.4,40,52.28,-95.0
17.24,1,3,5.0,20,59.43,-82.6
44.37,3,6,2.4,40,70.32,-95.0
11.39,1,1,2.4,20,86.16,-64.38
29.05,2,2,2.4,20,39.17,-95.0
27.66,0,2,5.0,20,55.62,-91.39
1.97,1,0,2.4,40,96.26,-46.61
31.94,6,6,5.0,40,96.68,-95.0
37.89,6,2,5.0,80,91.01,-95.0
38.23,0,0,5.0,20,65.87,-95.0
1.4,6,2,2.4,20,84.01,-77.26
35.71,6,7,2.4,40,50.85,-95.0
27.32,0,6,2.4,40,11.89,-92.96
10.16,2,7,2.4,20,48.73,-81.77
16.92,3,1,2.4,80,31.66,-82.2
38.92,0,4,5.0,20,44.02,-95.0
6.5,2,5,5.0,20,91.01,-83.44
19.71,3,8,5.0,40,27.68,-95.0
12.95,1,7,2.4,40,19.52,-73.33
16.49,3,4,2.4,80,89.99,-95.0
7.76,3,8,5.0,80,47.9,-92.12
34.19,3,3,2.4,20,55.91,-95.0
31.36,3,5,2.4,20,93.65,-95.0
20.78,6,4,2.4,40,1.39,-95.0
5.51,6,8,2.4,20,56.24,-95.0
42.93,4,6,2.4,20,99.59,-95.0
23.61,6,3,2.4,40,58.79,-95.0
25.36,0,5,2.4,40,41.5,-86.51
15.39,4,6,5.0,40,34.26,-95.0
10.11,0,0,5.0,40,2.29,-55.15
20.62,1,8,5.0,80,83.34,-95.0
28.68,5,2,2.4,40,15.7,-95.0
10.03,4,7,2.4,40,95.83,-95.0
31.65,0,2,5.0,40,29.52,-95.0
19.97,6,1,5.0,20,94.37,-95.0
40.99,6,5,2.4,40,70.16,-95.0
17.6,3,0,5.0,40,22.15,-87.09
1.03,0,5,2.4,20,24.45,-47.94
21.01,0,2,2.4,40,71.11,-75.15
11.65,1,0,5.0,80,97.89,-72.38
28.89,1,8,2.4,40,95.53,-95.0
19.29,6,3,2.4,20,82.06,-95.0
11.99,1,6,2.4,40,37.04,-76.55
33.11,3,6,5.0,20,69.05,-95.0
22.01,5,5,5.0,80,30.48,-95.0
14.69,0,4,5.0,40,86.29,-80.47
13.16,0,8,5.0,20,4.72,-77.64
37.79,3,8,5.0,20,5.65,-95.0
17.56,1,1,2.4,20,20.58,-68.98
17.79,3,3,2.4,80,75.65,-91.65
33.73,3,6,5.0,20,56.68,-95.0
18.38,6,2,2.4,20,57.94,-95.0
17.55,5,6,2.4,20,8.43,-95.0
9.29,2,4,2.4,80,65.56,-74.85
17.75,2,7,2.4,80,52.9,-91.45
11.63,3,8,5.0,80,32.07,-95.0
10.78,1,3,5.0,80,43.92,-66.3
10.69,0,3,2.4,80,2.33,-61.08
13.02,6,4,2.4,20,54.68,-95.0
42.37,5,2,2.4,80,29.02,-95.0
43.13,1,7,2.4,40,48.11,-95.0
43.88,0,2,5.0,40,17.69,-95.0
35.87,2,5,5.0,20,91.38,-95.0
36.34,3,2,2.4,80,5.09,-95.0
35.33,4,6,5.0,40,94.71,-95.0
28.47,4,7,5.0,20,36.7,-95.0
34.21,1,4,5.0,40,26.51,-95.0
25.51,6,2,2.4,40,81.73,-95.0
4.56,0,4,5.0,40,31.89,-56.17
7.85,1,2,2.4,40,83.57,-65.92
35.85,2,6,5.0,80,77.75,-95.0
14.81,1,8,2.4,40,91.57,-90.69
6.01,5,6,5.0,20,22.3,-91.01
23.88,6,0,2.4,20,32.11,-95.0
30.13,6,6,2.4,20,31.78,-95.0
42.97,0,3,5.0,20,32.57,-95.0
16.84,5,8,2.4,40,20.17,-95.0
20.61,3,8,2.4,40,0.97,-95.0
3.95,4,7,2.4,20,61.0,-87.64
19.06,1,0,2.4,40,23.52,-64.59
1.67,0,8,5.0,20,45.78,-67.48
38.04,6,4,2.4,20,7.71,-95.0
28.31,6,7,5.0,40,53.84,-95.0
36.26,3,7,5.0,20,71.69,-95.0
8.66,6,5,2.4,20,18.01,-89.3
31.71,6,4,2.4,40,10.01,-95.0
17.38,2,7,2.4,40,87.48,-95.0
39.88,3,1,2.4,20,56.09,-95.0
29.91,2,5,2.4,80,47.15,-95.0
44.46,5,3,2.4,20,17.83,-95.0
22.24,6,8,2.4,40,72.0,-95.0
24.31,1,5,5.0,80,33.63,-94.79
28.98,0,2,2.4,80,19.47,-89.85
28.22,6,0,2.4,20,12.33,-95.0
37.49,6,3,2.4,40,30.21,-95.0
18.0,2,3,2.4,20,88.63,-83.09
38.95,1,0,5.0,40,9.42,-95.0
35.15,3,1,5.0,20,45.47,-95.0
7.61,1,8,2.4,20,77.64,-77.1
41.37,6,8,5.0,40,34.25,-95.0
6.39,1,1,2.4,20,61.57,-56.01
22.61,6,4,2.4,40,10.07,-95.0
29.22,5,4,2.4,20,5.18,-95.0
19.54,4,4,5.0,40,21.94,-95.0
6.82,5,1,5.0,20,28.02,-79.74
33.49,1,8,5.0,20,63.24,-95.0
31.67,0,3,2.4,20,77.1,-95.0
27.37,5,7,5.0,20,20.86,-95.0
25.92,4,3,5.0,20,44.23,-95.0
6.49,5,3,5.0,20,68.96,-85.5
39.61,2,0,5.0,20,69.83,-95.0
32.14,1,1,2.4,20,16.97,-95.0
15.82,4,6,5.0,40,73.05,-95.0
41.1,3,0,2.4,40,21.69,-95.0
12.75,6,5,2.4,40,61.02,-95.0
12.1,0,6,5.0,20,20.02,-72.44
42.19,1,2,2.4,20,3.22,-95.0
36.07,4,4,5.0,20,46.97,-95.0
30.69,1,7,2.4,40,67.69,-95.0
36.9,5,2,2.4,40,70.5,-95.0
40.25,6,2,2.4,80,24.38,-95.0
41.05,1,0,5.0,20,89.3,-95.0
30.54,4,6,2.4,40,92.39,-95.0
43.61,0,5,2.4,40,60.76,-95.0
4.91,2,5,2.4,20,19.34,-64.23
43.43,3,5,5.0,80,21.79,-95.0
10.31,1,0,2.4,20,91.29,-56.33
16.82,4,8,5.0,40,79.17,-95.0
27.42,4,7,2.4,40,50.25,-95.0
4.83,3,0,2.4,20,42.32,-61.35
28.01,4,6,2.4,40,14.62,-95.0
23.74,4,8,5.0,40,72.93,-95.0
30.29,1,1,2.4,80,97.96,-94.53
11.61,1,2,2.4,20,64.85,-62.47
5.56,6,2,5.0,20,47.08,-88.97
35.7,3,2,5.0,20,64.45,-95.0
41.77,3,8,5.0,80,13.65,-95.0
9.73,6,2,2.4,40,72.15,-88.16
25.61,1,8,5.0,40,22.95,-95.0
33.39,5,8,2.4,20,34.24,-95.0
36.97,2,0,2.4,40,40.67,-95.0
27.88,6,4,5.0,40,98.62,-95.0
34.51,5,4,5.0,20,21.24,-95.0
37.88,4,7,2.4,40,73.77,-95.0
14.96,3,7,2.4,40,65.21,-93.42
7.38,1,8,2.4,40,89.34,-77.82
27.33,4,0,2.4,40,8.19,-95.0
44.71,6,2,2.4,20,64.6,-95.0
35.78,1,4,2.4,20,5.52,-95.0
6.0,0,1,2.4,20,53.92,-49.71
42.91,2,0,2.4,40,12.76,-95.0
39.03,2,7,5.0,40,39.4,-95.0
10.92,6,5,5.0,80,91.65,-95.0
32.95,2,1,5.0,40,18.14,-95.0
21.32,1,4,5.0,40,58.86,-92.27
9.77,4,0,2.4,20,53.03,-70.56
8.89,6,5,5.0,20,65.91,-95.0
24.37,6,6,2.4,20,87.8,-95.0
32.81,6,5,2.4,40,53.21,-95.0
42.77,0,4,5.0,20,13.72,-95.0
30.65,1,2,5.0,40,34.86,-95.0
28.14,1,4,5.0,40,93.85,-95.0
16.76,2,4,5.0,80,19.12,-87.81
17.03,4,7,5.0,40,27.57,-95.0
2.45,0,3,2.4,40,56.06,-43.6
10.0,6,7,2.4,20,19.16,-95.0
13.2,6,6,2.4,20,83.14,-95.0
34.72,2,2,5.0,20,55.67,-95.0
26.4,5,7,2.4,20,86.37,-95.0
22.93,2,5,5.0,40,88.81,-95.0
19.23,4,5,2.4,20,82.17,-95.0
3.55,0,6,2.4,20,60.66,-54.6
23.76,1,0,2.4,20,92.64,-81.96
39.32,4,0,2.4,20,75.86,-95.0
23.93,1,3,2.4,40,38.0,-87.68
22.12,2,6,5.0,20,44.08,-95.0
19.68,5,5,5.0,20,89.46,-95.0
27.09,1,2,2.4,20,6.53,-83.09
15.74,1,5,2.4,20,20.96,-81.17
11.86,2,1,2.4,40,68.53,-71.76
38.6,4,5,2.4,20,24.22,-95.0
11.46,2,6,2.4,20,15.16,-78.12
20.35,4,0,2.4,20,55.25,-91.99
39.24,6,5,2.4,40,92.31,-95.0
5.37,4,6,2.4,40,8.49,-76.97
35.4,2,6,2.4,40,85.14,-95.0
44.84,3,3,2.4,40,41.56,-95.0
5.89,6,0,2.4,40,40.27,-77.01
17.43,6,3,2.4,40,10.3,-95.0
29.27,4,2,2.4,40,40.29,-95.0
10.8,4,6,2.4,40,46.69,-95.0
34.9,1,3,2.4,20,67.19,-95.0
36.61,3,4,2.4,20,19.94,-95.0
5.19,4,8,2.4,40,5.83,-86.12
10.31,0,5,5.0,40,17.83,-70.31
20.43,1,0,2.4,40,43.0,-73.27
32.04,0,4,2.4,40,36.89,-95.0
15.12,3,7,2.4,20,13.34,-89.77
43.97,2,4,5.0,40,35.23,-95.0
43.31,1,6,5.0,20,84.13,-95.0
33.99,6,3,2.4,80,60.5,-95.0
32.79,2,8,2.4,80,82.53,-95.0
16.14,6,4,5.0,80,14.68,-95.0
16.26,1,6,5.0,40,11.33,-83.52
38.71,1,3,2.4,20,80.67,-95.0
8.55,6,2,5.0,20,44.16,-91.5
14.4,3,7,5.0,20,89.37,-95.0
39.03,3,0,2.4,80,90.13,-95.0
30.47,6,7,5.0,20,46.62,-95.0
26.86,2,7,2.4,20,21.46,-95.0
1.38,5,7,2.4,20,80.02,-89.8
37.18,0,0,2.4,40,89.09,-95.0
15.9,1,5,5.0,40,84.65,-89.0
25.83,0,7,5.0,40,81.86,-95.0
6.01,2,2,5.0,40,17.65,-65.18
29.41,5,7,5.0,20,45.35,-95.0
